name,team,country,podiums,points,grands_prix_entered,world_championships,highest_race_finish,highest_grid_position,date_of_birth,place_of_birth,profile_img,helmet_img
Max Verstappen,Red Bull Racing,Netherlands,107,2863.5,199,3,1 (x61),1,30/09/1997,"Hasselt, Belgium","https://media.formula1.com/image/upload/f_auto,c_limit,q_75,w_1320/content/dam/fom-website/drivers/2024Drivers/verstappen","https://media.formula1.com/image/upload/f_auto,c_limit,q_75,w_1024/content/dam/fom-website/manual/Helmets2024/verstappen"
Lando Norris,McLaren,United Kingdom,21,832,118,0,1 (x1),1,13/11/1999,"Bristol, England","https://media.formula1.com/image/upload/f_auto,c_limit,q_75,w_1320/content/dam/fom-website/drivers/2024Drivers/norris","https://media.formula1.com/image/upload/f_auto,c_limit,q_75,w_1024/content/dam/fom-website/manual/Helmets2024/norris"
Charles Leclerc,Ferrari,Monaco,36,1251,139,0,1 (x6),1,16/10/1997,"Monte Carlo, Monaco","https://media.formula1.com/image/upload/f_auto,c_limit,q_75,w_1320/content/dam/fom-website/drivers/2024Drivers/leclerc","https://media.formula1.com/image/upload/f_auto,c_limit,q_75,w_1024/content/dam/fom-website/manual/Helmets2024/leclerc"
Oscar Piastri,McLaren,Australia,6,264,36,0,1 (x1),2,06/04/2001,"Melbourne, Victoria","https://media.formula1.com/image/upload/f_auto,c_limit,q_75,w_1320/content/dam/fom-website/drivers/2024Drivers/piastri","https://media.formula1.com/image/upload/f_auto,c_limit,q_75,w_1024/content/dam/fom-website/manual/Helmets2024/piastri"
Carlos Sainz,Ferrari,Spain,23,1144.5,198,0,1 (x3),1,01/09/1994,"Madrid, Spain","https://media.formula1.com/image/upload/f_auto,c_limit,q_75,w_1320/content/dam/fom-website/drivers/2024Drivers/sainz","https://media.formula1.com/image/upload/f_auto,c_limit,q_75,w_1024/content/dam/fom-website/manual/Helmets2023/sainz"
Lewis Hamilton,Mercedes,United Kingdom,201,4789.5,346,7,1 (x105),1,07/01/1985,"Stevenage, England","https://media.formula1.com/image/upload/f_auto,c_limit,q_75,w_1320/content/dam/fom-website/drivers/2024Drivers/hamilton","https://media.formula1.com/image/upload/f_auto,c_limit,q_75,w_1024/content/dam/fom-website/manual/Helmets2024/hamilton"
Sergio Perez,Red Bull Racing,Mexico,39,1617,272,0,1 (x6),1,26/01/1990,"Guadalajara, Mexico","https://media.formula1.com/image/upload/f_auto,c_limit,q_75,w_1320/content/dam/fom-website/drivers/2024Drivers/perez","https://media.formula1.com/image/upload/f_auto,c_limit,q_75,w_1024/content/dam/fom-website/manual/Helmets2024/perez"
George Russell,Mercedes,United Kingdom,13,585,118,0,1 (x2),1,15/02/1998,"King's Lynn, England","https://media.formula1.com/image/upload/f_auto,c_limit,q_75,w_1320/content/dam/fom-website/drivers/2024Drivers/russell","https://media.formula1.com/image/upload/f_auto,c_limit,q_75,w_1024/content/dam/fom-website/manual/Helmets2024/russell"
Fernando Alonso,Aston Martin,Spain,106,2316,394,2,1 (x32),1,29/07/1981,"Oviedo, Spain","https://media.formula1.com/image/upload/f_auto,c_limit,q_75,w_1320/content/dam/fom-website/drivers/2024Drivers/alonso","https://media.formula1.com/image/upload/f_auto,c_limit,q_75,w_1024/content/dam/fom-website/manual/Helmets2024/alonso"
Lance Stroll,Aston Martin,Canada,3,292,157,0,3 (x3),1,29/10/1998,"Montreal, Canada","https://media.formula1.com/image/upload/f_auto,c_limit,q_auto,w_1320/content/dam/fom-website/drivers/2024Drivers/stroll","https://media.formula1.com/image/upload/f_auto,c_limit,q_75,w_1024/content/dam/fom-website/manual/Helmets2024/stroll"
Nico Hulkenberg,Haas,Germany,0,552,220,0,4 (x3),1,19/08/1987,"Emmerich am Rhein, Germany","https://media.formula1.com/image/upload/f_auto,c_limit,q_75,w_1320/content/dam/fom-website/drivers/2024Drivers/hulkenberg","https://media.formula1.com/image/upload/f_auto,c_limit,q_75,w_1024/content/dam/fom-website/manual/Helmets2024/hulkenberg"
Yuki Tsunoda,RB,Japan,0,83,80,0,4 (x1),6,11/05/2000,"Sagamihara, Japan","https://media.formula1.com/image/upload/f_auto,c_limit,q_75,w_1320/content/dam/fom-website/drivers/2024Drivers/tsunoda","https://media.formula1.com/image/upload/f_auto,c_limit,q_75,w_1024/content/dam/fom-website/manual/Helmets2024/tsunoda"
Daniel Ricciardo,RB,Australia,32,1329,253,0,1 (x8),1,01/07/1989,"Perth, Australia","https://media.formula1.com/image/upload/f_auto,c_limit,q_75,w_1320/content/dam/fom-website/drivers/2024Drivers/ricciardo","https://media.formula1.com/image/upload/f_auto,c_limit,q_75,w_1024/content/dam/fom-website/manual/Helmets2024/ricciardo"
Oliver Bearman,Ferrari,United Kingdom,0,6,1,0,7 (x1),11,08/05/2005,"Chelmsford, England","https://media.formula1.com/image/upload/f_auto,c_limit,q_auto,w_1320,t_16by9North/fom-website/2024/Saudi%20Arabia/GettyImages-2070963632",
Pierre Gasly,Alpine,France,4,400,144,0,1 (x1),2,07/02/1996,"Rouen, France","https://media.formula1.com/image/upload/f_auto,c_limit,q_75,w_1320/content/dam/fom-website/drivers/2024Drivers/gasly","https://media.formula1.com/image/upload/f_auto,c_limit,q_auto,w_1024/content/dam/fom-website/manual/Helmets2024/gasly"
Kevin Magnussen,Haas,Denmark,1,191,178,0,2 (x1),4,05/10/1992,"Roskilde, Denmark","https://media.formula1.com/image/upload/f_auto,c_limit,q_75,w_1320/content/dam/fom-website/drivers/2024Drivers/magnussen","https://media.formula1.com/image/upload/f_auto,c_limit,q_75,w_1024/content/dam/fom-website/manual/Helmets2024/magnussen"
Esteban Ocon,Alpine,France,3,427,147,0,1 (x1),3,17/09/1996,"Ã‰vreux, Normandy","https://media.formula1.com/image/upload/f_auto,c_limit,q_75,w_1320/content/dam/fom-website/drivers/2024Drivers/ocon","https://media.formula1.com/image/upload/f_auto,c_limit,q_auto,w_1024/content/dam/fom-website/manual/Helmets2024/ocon"
Alexander Albon,Williams,Thailand,2,232,95,0,3 (x2),4,23/03/1996,"London, England","https://media.formula1.com/image/upload/f_auto,c_limit,q_75,w_1320/content/dam/fom-website/drivers/2024Drivers/albon","https://media.formula1.com/image/upload/f_auto,c_limit,q_75,w_1024/content/dam/fom-website/manual/Helmets2024/albon"
Zhou Guanyu,Kick Sauber,China,0,12,58,0,8 (x1),5,30/05/1999,"Shanghai, China","https://media.formula1.com/image/upload/f_auto,c_limit,q_75,w_1320/content/dam/fom-website/drivers/2024Drivers/zhou","https://media.formula1.com/image/upload/f_auto,c_limit,q_auto,w_1024/content/dam/fom-website/manual/Helmets2024/zhou"
Logan Sargeant,Williams,United States,0,1,35,0,10 (x1),6,31/12/2000,"Fort Lauderdale, Florida","https://media.formula1.com/image/upload/f_auto,c_limit,q_75,w_1320/content/dam/fom-website/drivers/2024Drivers/sargeant","https://media.formula1.com/image/upload/f_auto,c_limit,q_75,w_1024/content/dam/fom-website/manual/Helmets2024/sargeant"
Valtteri Bottas,Kick Sauber,Finland,67,1797,236,0,1 (x10),1,28/08/1989,"Nastola, Finland","https://media.formula1.com/image/upload/f_auto,c_limit,q_75,w_1320/content/dam/fom-website/drivers/2024Drivers/bottas","https://media.formula1.com/image/upload/f_auto,c_limit,q_auto,w_1024/content/dam/fom-website/manual/Helmets2024/bottas"
