year,race,position,number,driver,car,time,laps
2005,Malaysia,1,5, Alonso,Renault,1:35.090,3
2005,Malaysia,2,16, Trulli,Toyota,1:35.253,3
2005,Malaysia,3,6, Fisichella,Renault,1:35.683,3
2005,Malaysia,4,7, Webber,Williams BMW,1:35.700,3
2005,Malaysia,5,17, Schumacher,Toyota,1:35.901,3
2005,Malaysia,6,9, Räikkönen,McLaren Mercedes,1:36.644,3
2005,Malaysia,7,15, Klien,RBR Cosworth,1:35.865,3
2005,Malaysia,8,14, Coulthard,RBR Cosworth,1:35.891,3
2005,Malaysia,9,3, Button,BAR Honda,1:36.216,3
2005,Malaysia,10,8, Heidfeld,Williams BMW,1:36.453,3
2005,Malaysia,11,10, Montoya,McLaren Mercedes,1:36.757,3
2005,Malaysia,12,2, Barrichello,Ferrari,1:37.340,3
2005,Malaysia,13,1, Schumacher,Ferrari,1:37.561,3
2005,Malaysia,14,12, Massa,Sauber Petronas,1:37.733,3
2005,Malaysia,15,4, Davidson,BAR Honda,1:37.024,3
2005,Malaysia,16,11, Villeneuve,Sauber Petronas,1:38.108,3
2005,Malaysia,17,19, Karthikeyan,Jordan Toyota,1:39.850,3
2005,Malaysia,18,18, Monteiro,Jordan Toyota,1:40.106,3
2005,Malaysia,19,20, Friesacher,Minardi Cosworth,1:41.918,3
2005,Malaysia,20,21, Albers,Minardi Cosworth,1:42.569,3
2005,Bahrain,1,5, Alonso,Renault,1:32.054,3
2005,Bahrain,2,1, Schumacher,Ferrari,1:32.120,3
2005,Bahrain,3,16, Trulli,Toyota,1:32.667,3
2005,Bahrain,4,8, Heidfeld,Williams BMW,1:32.827,3
2005,Bahrain,5,7, Webber,Williams BMW,1:32.670,3
2005,Bahrain,6,17, Schumacher,Toyota,1:32.319,3
2005,Bahrain,7,15, Klien,RBR Cosworth,1:32.723,3
2005,Bahrain,8,10, de la Rosa,McLaren Mercedes,1:32.648,3
2005,Bahrain,9,9, Räikkönen,McLaren Mercedes,1:32.930,3
2005,Bahrain,10,6, Fisichella,Renault,1:33.320,3
2005,Bahrain,11,3, Button,BAR Honda,1:33.391,3
2005,Bahrain,12,12, Massa,Sauber Petronas,1:34.269,3
2005,Bahrain,13,4, Sato,BAR Honda,1:34.450,3
2005,Bahrain,14,14, Coulthard,RBR Cosworth,1:34.633,3
2005,Bahrain,15,2, Barrichello,Ferrari,1:35.867,3
2005,Bahrain,16,11, Villeneuve,Sauber Petronas,1:35.665,3
2005,Bahrain,17,18, Monteiro,Jordan Toyota,1:36.004,3
2005,Bahrain,18,19, Karthikeyan,Jordan Toyota,1:36.953,3
2005,Bahrain,19,21, Albers,Minardi Cosworth,1:36.417,3
2005,Bahrain,20,20, Friesacher,Minardi Cosworth,1:36.413,3
2005,San Marino,1,9, Räikkönen,McLaren Mercedes,1:22.994,3
2005,San Marino,2,5, Alonso,Renault,1:23.552,3
2005,San Marino,3,3, Button,BAR Honda,1:23.641,3
2005,San Marino,4,7, Webber,Williams BMW,1:24.069,3
2005,San Marino,5,16, Trulli,Toyota,1:24.026,3
2005,San Marino,6,4, Sato,BAR Honda,1:23.807,3
2005,San Marino,7,10, Wurz,McLaren Mercedes,1:24.057,3
2005,San Marino,8,12, Massa,Sauber Petronas,1:24.337,3
2005,San Marino,9,8, Heidfeld,Williams BMW,1:24.389,3
2005,San Marino,10,2, Barrichello,Ferrari,1:24.351,3
2005,San Marino,11,17, Schumacher,Toyota,1:24.422,3
2005,San Marino,12,11, Villeneuve,Sauber Petronas,1:25.260,3
2005,San Marino,13,6, Fisichella,Renault,1:25.002,3
2005,San Marino,14,1, Schumacher,Ferrari,1:26.984,3
2005,San Marino,15,14, Coulthard,RBR Cosworth,1:26.438,3
2005,San Marino,16,15, Liuzzi,RBR Cosworth,1:26.351,3
2005,San Marino,17,19, Karthikeyan,Jordan Toyota,1:28.976,3
2005,San Marino,18,18, Monteiro,Jordan Toyota,1:29.152,3
2005,San Marino,19,20, Friesacher,Minardi Cosworth,1:30.564,3
2005,San Marino,20,21, Albers,Minardi Cosworth,,2
2004,Malaysia,1,1, Schumacher,Ferrari,1:33.074,3
2004,Malaysia,2,14, Webber,Jaguar Cosworth,1:33.715,3
2004,Malaysia,3,2, Barrichello,Ferrari,1:33.756,3
2004,Malaysia,4,3, Montoya,Williams BMW,1:34.054,3
2004,Malaysia,5,6, Räikkönen,McLaren Mercedes,1:34.164,3
2004,Malaysia,6,9, Button,BAR Honda,1:34.221,3
2004,Malaysia,7,4, Schumacher,Williams BMW,1:34.235,3
2004,Malaysia,8,7, Trulli,Renault,1:34.413,3
2004,Malaysia,9,5, Coulthard,McLaren Mercedes,1:34.602,3
2004,Malaysia,10,16, da Matta,Toyota,1:34.917,3
2004,Malaysia,11,12, Massa,Sauber Petronas,1:35.039,3
2004,Malaysia,12,11, Fisichella,Sauber Petronas,1:35.061,3
2004,Malaysia,13,15, Klien,Jaguar Cosworth,1:35.158,3
2004,Malaysia,14,17, Panis,Toyota,1:35.617,3
2004,Malaysia,15,18, Heidfeld,Jordan Ford,1:36.569,3
2004,Malaysia,16,20, Bruni,Minardi Cosworth,1:38.577,3
2004,Malaysia,17,21, Baumgartner,Minardi Cosworth,1:39.272,3
2004,Malaysia,18,19, Pantano,Jordan Ford,1:39.902,3
2004,Malaysia,19,8, Alonso,Renault,,2
2004,Malaysia,20,10, Sato,BAR Honda,,2
2003,Australia,1,1, Schumacher,Ferrari,1:27.173,3
2003,Australia,2,2, Barrichello,Ferrari,1:27.418,3
2003,Australia,3,3, Montoya,Williams BMW,1:28.101,3
2003,Australia,4,10, Frentzen,Sauber Petronas,1:28.274,3
2003,Australia,5,20, Panis,Toyota,1:28.288,3
2003,Australia,6,16, Villeneuve,BAR Honda,1:28.420,3
2003,Australia,7,9, Heidfeld,Sauber Petronas,1:28.464,3
2003,Australia,8,17, Button,BAR Honda,1:28.682,3
2003,Australia,9,4, Schumacher,Williams BMW,1:28.830,3
2003,Australia,10,8, Alonso,Renault,1:28.928,3
2003,Australia,11,5, Coulthard,McLaren Mercedes,1:29.105,3
2003,Australia,12,7, Trulli,Renault,1:29.136,3
2003,Australia,13,11, Fisichella,Jordan Ford,1:29.344,3
2003,Australia,14,14, Webber,Jaguar Cosworth,1:29.367,3
2003,Australia,15,6, Räikkönen,McLaren Mercedes,1:29.470,3
2003,Australia,16,21, da Matta,Toyota,1:29.538,3
2003,Australia,17,12, Firman,Jordan Ford,1:31.242,3
2003,Australia,18,15, Pizzonia,Jaguar Cosworth,1:31.723,3
2003,Australia,NC,19, Verstappen,Minardi Cosworth,,2
2003,Australia,NC,18, Wilson,Minardi Cosworth,,2
2003,Malaysia,1,8, Alonso,Renault,1:37.044,3
2003,Malaysia,2,7, Trulli,Renault,1:37.217,3
2003,Malaysia,3,1, Schumacher,Ferrari,1:37.393,3
2003,Malaysia,4,5, Coulthard,McLaren Mercedes,1:37.454,3
2003,Malaysia,5,2, Barrichello,Ferrari,1:37.579,3
2003,Malaysia,6,9, Heidfeld,Sauber Petronas,1:37.766,3
2003,Malaysia,7,6, Räikkönen,McLaren Mercedes,1:37.858,3
2003,Malaysia,8,3, Montoya,Williams BMW,1:37.974,3
2003,Malaysia,9,17, Button,BAR Honda,1:38.073,3
2003,Malaysia,10,20, Panis,Toyota,1:38.094,3
2003,Malaysia,11,21, da Matta,Toyota,1:38.097,3
2003,Malaysia,12,16, Villeneuve,BAR Honda,1:38.289,3
2003,Malaysia,13,10, Frentzen,Sauber Petronas,1:38.291,3
2003,Malaysia,14,11, Fisichella,Jordan Ford,1:38.416,3
2003,Malaysia,15,15, Pizzonia,Jaguar Cosworth,1:38.516,3
2003,Malaysia,16,14, Webber,Jaguar Cosworth,1:38.624,3
2003,Malaysia,17,4, Schumacher,Williams BMW,1:38.789,3
2003,Malaysia,18,19, Verstappen,Minardi Cosworth,1:40.417,3
2003,Malaysia,19,18, Wilson,Minardi Cosworth,1:40.599,3
2003,Malaysia,20,12, Firman,Jordan Ford,1:40.910,3
2003,Brazil,1,2, Barrichello,Ferrari,1:13.807,3
2003,Brazil,2,5, Coulthard,McLaren Mercedes,1:13.818,3
2003,Brazil,3,14, Webber,Jaguar Cosworth,1:13.851,3
2003,Brazil,4,6, Räikkönen,McLaren Mercedes,1:13.866,3
2003,Brazil,5,7, Trulli,Renault,1:13.953,3
2003,Brazil,6,4, Schumacher,Williams BMW,1:14.124,3
2003,Brazil,7,1, Schumacher,Ferrari,1:14.130,3
2003,Brazil,8,11, Fisichella,Jordan Ford,1:14.191,3
2003,Brazil,9,3, Montoya,Williams BMW,1:14.223,3
2003,Brazil,10,8, Alonso,Renault,1:14.384,3
2003,Brazil,11,17, Button,BAR Honda,1:14.504,3
2003,Brazil,12,9, Heidfeld,Sauber Petronas,1:14.631,3
2003,Brazil,13,16, Villeneuve,BAR Honda,1:14.668,3
2003,Brazil,14,10, Frentzen,Sauber Petronas,1:14.839,3
2003,Brazil,15,20, Panis,Toyota,1:14.839,3
2003,Brazil,16,12, Firman,Jordan Ford,1:15.240,3
2003,Brazil,17,15, Pizzonia,Jaguar Cosworth,1:15.317,3
2003,Brazil,18,21, da Matta,Toyota,1:15.641,3
2003,Brazil,19,19, Verstappen,Minardi Cosworth,1:16.542,3
2003,Brazil,20,18, Wilson,Minardi Cosworth,1:16.586,3
2003,San Marino,1,1, Schumacher,Ferrari,1:22.327,3
2003,San Marino,2,4, Schumacher,Williams BMW,1:22.341,3
2003,San Marino,3,2, Barrichello,Ferrari,1:22.557,3
2003,San Marino,4,3, Montoya,Williams BMW,1:22.789,3
2003,San Marino,5,14, Webber,Jaguar Cosworth,1:23.015,3
2003,San Marino,6,6, Räikkönen,McLaren Mercedes,1:23.148,3
2003,San Marino,7,16, Villeneuve,BAR Honda,1:23.160,3
2003,San Marino,8,8, Alonso,Renault,1:23.169,3
2003,San Marino,9,17, Button,BAR Honda,1:23.381,3
2003,San Marino,10,20, Panis,Toyota,1:23.460,3
2003,San Marino,11,9, Heidfeld,Sauber Petronas,1:23.700,3
2003,San Marino,12,5, Coulthard,McLaren Mercedes,1:23.818,3
2003,San Marino,13,21, da Matta,Toyota,1:23.838,4
2003,San Marino,14,10, Frentzen,Sauber Petronas,1:23.932,3
2003,San Marino,15,15, Pizzonia,Jaguar Cosworth,1:24.147,3
2003,San Marino,16,7, Trulli,Renault,1:24.190,3
2003,San Marino,17,11, Fisichella,Jordan Ford,1:24.317,3
2003,San Marino,18,18, Wilson,Minardi Cosworth,1:25.826,3
2003,San Marino,19,12, Firman,Jordan Ford,1:26.357,3
2003,San Marino,20,19, Verstappen,Minardi Cosworth,,2
2003,Spain,1,1, Schumacher,Ferrari,1:17.762,3
2003,Spain,2,2, Barrichello,Ferrari,1:18.020,3
2003,Spain,3,8, Alonso,Renault,1:18.233,3
2003,Spain,4,7, Trulli,Renault,1:18.615,3
2003,Spain,5,17, Button,BAR Honda,1:18.704,3
2003,Spain,6,20, Panis,Toyota,1:18.811,3
2003,Spain,7,4, Schumacher,Williams BMW,1:19.006,3
2003,Spain,8,5, Coulthard,McLaren Mercedes,1:19.128,3
2003,Spain,9,3, Montoya,Williams BMW,1:19.377,3
2003,Spain,10,10, Frentzen,Sauber Petronas,1:19.427,3
2003,Spain,11,16, Villeneuve,BAR Honda,1:19.563,3
2003,Spain,12,14, Webber,Jaguar Cosworth,1:19.615,3
2003,Spain,13,21, da Matta,Toyota,1:19.623,3
2003,Spain,14,9, Heidfeld,Sauber Petronas,1:19.646,3
2003,Spain,15,12, Firman,Jordan Ford,1:20.215,3
2003,Spain,16,15, Pizzonia,Jaguar Cosworth,1:20.308,3
2003,Spain,17,11, Fisichella,Jordan Ford,1:20.976,3
2003,Spain,18,18, Wilson,Minardi Cosworth,1:22.104,3
2003,Spain,19,19, Verstappen,Minardi Cosworth,1:22.237,3
2003,Spain,20,6, Räikkönen,McLaren Mercedes,,2
2003,Austria,1,1, Schumacher,Ferrari,1:09.150,3
2003,Austria,2,6, Räikkönen,McLaren Mercedes,1:09.189,3
2003,Austria,3,3, Montoya,Williams BMW,1:09.391,3
2003,Austria,4,9, Heidfeld,Sauber Petronas,1:09.725,3
2003,Austria,5,2, Barrichello,Ferrari,1:09.784,3
2003,Austria,6,7, Trulli,Renault,1:09.890,3
2003,Austria,7,17, Button,BAR Honda,1:09.935,3
2003,Austria,8,15, Pizzonia,Jaguar Cosworth,1:10.045,3
2003,Austria,9,11, Fisichella,Jordan Ford,1:10.105,3
2003,Austria,10,4, Schumacher,Williams BMW,1:10.279,3
2003,Austria,11,20, Panis,Toyota,1:10.402,3
2003,Austria,12,16, Villeneuve,BAR Honda,1:10.618,3
2003,Austria,13,21, da Matta,Toyota,1:10.834,3
2003,Austria,14,5, Coulthard,McLaren Mercedes,1:10.893,3
2003,Austria,15,10, Frentzen,Sauber Petronas,1:11.307,3
2003,Austria,16,12, Firman,Jordan Ford,1:11.505,3
2003,Austria,17,14, Webber,Jaguar Cosworth,1:11.662,3
2003,Austria,18,18, Wilson,Minardi Cosworth,1:14.508,3
2003,Austria,19,8, Alonso,Renault,1:20.113,3
2003,Austria,20,19, Verstappen,Minardi Cosworth,,2
2003,Monaco,1,4, Schumacher,Williams BMW,1:15.259,3
2003,Monaco,2,6, Räikkönen,McLaren Mercedes,1:15.295,3
2003,Monaco,3,3, Montoya,Williams BMW,1:15.415,3
2003,Monaco,4,7, Trulli,Renault,1:15.500,3
2003,Monaco,5,1, Schumacher,Ferrari,1:15.644,3
2003,Monaco,6,5, Coulthard,McLaren Mercedes,1:15.700,3
2003,Monaco,7,2, Barrichello,Ferrari,1:15.820,3
2003,Monaco,8,8, Alonso,Renault,1:15.884,3
2003,Monaco,9,14, Webber,Jaguar Cosworth,1:16.237,3
2003,Monaco,10,21, da Matta,Toyota,1:16.744,3
2003,Monaco,11,16, Villeneuve,BAR Honda,1:16.755,3
2003,Monaco,12,11, Fisichella,Jordan Ford,1:16.967,3
2003,Monaco,13,15, Pizzonia,Jaguar Cosworth,1:17.103,3
2003,Monaco,14,9, Heidfeld,Sauber Petronas,1:17.176,3
2003,Monaco,15,10, Frentzen,Sauber Petronas,1:17.402,3
2003,Monaco,16,12, Firman,Jordan Ford,1:17.452,3
2003,Monaco,17,20, Panis,Toyota,1:17.464,3
2003,Monaco,18,19, Verstappen,Minardi Cosworth,1:18.706,3
2003,Monaco,19,18, Wilson,Minardi Cosworth,1:20.063,3
2003,Canada,1,4, Schumacher,Williams BMW,1:15.529,3
2003,Canada,2,3, Montoya,Williams BMW,1:15.923,3
2003,Canada,3,1, Schumacher,Ferrari,1:16.047,3
2003,Canada,4,8, Alonso,Renault,1:16.048,3
2003,Canada,5,2, Barrichello,Ferrari,1:16.143,3
2003,Canada,6,14, Webber,Jaguar Cosworth,1:16.182,3
2003,Canada,7,20, Panis,Toyota,1:16.598,3
2003,Canada,8,7, Trulli,Renault,1:16.718,3
2003,Canada,9,21, da Matta,Toyota,1:16.826,3
2003,Canada,10,10, Frentzen,Sauber Petronas,1:16.939,3
2003,Canada,11,5, Coulthard,McLaren Mercedes,1:17.024,3
2003,Canada,12,9, Heidfeld,Sauber Petronas,1:17.086,3
2003,Canada,13,15, Pizzonia,Jaguar Cosworth,1:17.337,3
2003,Canada,14,16, Villeneuve,BAR Honda,1:17.347,3
2003,Canada,15,19, Verstappen,Minardi Cosworth,1:18.014,3
2003,Canada,16,11, Fisichella,Jordan Ford,1:18.036,3
2003,Canada,17,17, Button,BAR Honda,1:18.205,3
2003,Canada,18,18, Wilson,Minardi Cosworth,1:18.560,3
2003,Canada,19,12, Firman,Jordan Ford,1:18.692,3
2003,Canada,20,6, Räikkönen,McLaren Mercedes,,2
2003,Europe,1,6, Räikkönen,McLaren Mercedes,1:31.523,3
2003,Europe,2,1, Schumacher,Ferrari,1:31.555,3
2003,Europe,3,4, Schumacher,Williams BMW,1:31.619,3
2003,Europe,4,3, Montoya,Williams BMW,1:31.765,3
2003,Europe,5,2, Barrichello,Ferrari,1:31.780,3
2003,Europe,6,7, Trulli,Renault,1:31.976,3
2003,Europe,7,20, Panis,Toyota,1:32.350,3
2003,Europe,8,8, Alonso,Renault,1:32.424,3
2003,Europe,9,5, Coulthard,McLaren Mercedes,1:32.742,3
2003,Europe,10,21, da Matta,Toyota,1:32.949,3
2003,Europe,11,14, Webber,Jaguar Cosworth,1:33.066,3
2003,Europe,12,17, Button,BAR Honda,1:33.395,3
2003,Europe,13,11, Fisichella,Jordan Ford,1:33.553,3
2003,Europe,14,12, Firman,Jordan Ford,1:33.827,3
2003,Europe,15,10, Frentzen,Sauber Petronas,1:34.000,3
2003,Europe,16,15, Pizzonia,Jaguar Cosworth,1:34.159,3
2003,Europe,17,16, Villeneuve,BAR Honda,1:34.596,3
2003,Europe,18,19, Verstappen,Minardi Cosworth,1:36.318,3
2003,Europe,19,18, Wilson,Minardi Cosworth,1:36.485,3
2003,Europe,20,9, Heidfeld,Sauber Petronas,,2
2003,France,1,4, Schumacher,Williams BMW,1:15.019,3
2003,France,2,3, Montoya,Williams BMW,1:15.136,3
2003,France,3,1, Schumacher,Ferrari,1:15.480,3
2003,France,4,6, Räikkönen,McLaren Mercedes,1:15.533,3
2003,France,5,5, Coulthard,McLaren Mercedes,1:15.628,3
2003,France,6,7, Trulli,Renault,1:15.967,3
2003,France,7,8, Alonso,Renault,1:16.087,3
2003,France,8,2, Barrichello,Ferrari,1:16.166,3
2003,France,9,14, Webber,Jaguar Cosworth,1:16.308,3
2003,France,10,20, Panis,Toyota,1:16.345,3
2003,France,11,15, Pizzonia,Jaguar Cosworth,1:16.965,3
2003,France,12,16, Villeneuve,BAR Honda,1:16.990,3
2003,France,13,21, da Matta,Toyota,1:17.068,3
2003,France,14,17, Button,BAR Honda,1:17.077,3
2003,France,15,9, Heidfeld,Sauber Petronas,1:17.445,3
2003,France,16,10, Frentzen,Sauber Petronas,1:17.562,3
2003,France,17,11, Fisichella,Jordan Ford,1:18.431,3
2003,France,18,12, Firman,Jordan Ford,1:18.514,3
2003,France,19,19, Verstappen,Minardi Cosworth,1:18.709,3
2003,France,20,18, Wilson,Minardi Cosworth,1:19.619,3
2003,Great Britain,1,2, Barrichello,Ferrari,1:21.209,3
2003,Great Britain,2,7, Trulli,Renault,1:21.381,3
2003,Great Britain,3,6, Räikkönen,McLaren Mercedes,1:21.695,3
2003,Great Britain,4,4, Schumacher,Williams BMW,1:21.727,3
2003,Great Britain,5,1, Schumacher,Ferrari,1:21.867,3
2003,Great Britain,6,21, da Matta,Toyota,1:22.081,3
2003,Great Britain,7,3, Montoya,Williams BMW,1:22.214,3
2003,Great Britain,8,8, Alonso,Renault,1:22.404,3
2003,Great Britain,9,16, Villeneuve,BAR Honda,1:22.591,3
2003,Great Britain,10,15, Pizzonia,Jaguar Cosworth,1:22.634,3
2003,Great Britain,11,14, Webber,Jaguar Cosworth,1:22.647,3
2003,Great Britain,12,5, Coulthard,McLaren Mercedes,1:22.811,3
2003,Great Britain,13,20, Panis,Toyota,1:23.042,3
2003,Great Britain,14,10, Frentzen,Sauber Petronas,1:23.187,3
2003,Great Britain,15,11, Fisichella,Jordan Ford,1:23.574,3
2003,Great Britain,16,9, Heidfeld,Sauber Petronas,1:23.844,3
2003,Great Britain,17,12, Firman,Jordan Ford,1:24.385,3
2003,Great Britain,18,18, Wilson,Minardi Cosworth,1:25.468,3
2003,Great Britain,19,19, Verstappen,Minardi Cosworth,1:25.759,3
2003,Great Britain,20,17, Button,BAR Honda,,2
2003,Germany,1,3, Montoya,Williams BMW,1:15.167,3
2003,Germany,2,4, Schumacher,Williams BMW,1:15.185,3
2003,Germany,3,2, Barrichello,Ferrari,1:15.488,3
2003,Germany,4,7, Trulli,Renault,1:15.679,3
2003,Germany,5,6, Räikkönen,McLaren Mercedes,1:15.874,3
2003,Germany,6,1, Schumacher,Ferrari,1:15.898,3
2003,Germany,7,20, Panis,Toyota,1:16.034,3
2003,Germany,8,8, Alonso,Renault,1:16.483,3
2003,Germany,9,21, da Matta,Toyota,1:16.550,3
2003,Germany,10,5, Coulthard,McLaren Mercedes,1:16.666,3
2003,Germany,11,14, Webber,Jaguar Cosworth,1:16.775,3
2003,Germany,12,11, Fisichella,Jordan Ford,1:16.831,3
2003,Germany,13,16, Villeneuve,BAR Honda,1:17.090,3
2003,Germany,14,10, Frentzen,Sauber Petronas,1:17.169,3
2003,Germany,15,9, Heidfeld,Sauber Petronas,1:17.557,3
2003,Germany,16,15, Wilson,Jaguar Cosworth,1:18.021,3
2003,Germany,17,17, Button,BAR Honda,1:18.085,3
2003,Germany,18,12, Firman,Jordan Ford,1:18.341,3
2003,Germany,19,19, Verstappen,Minardi Cosworth,1:19.023,3
2003,Germany,20,18, Kiesa,Minardi Cosworth,1:19.174,3
2003,Hungary,1,8, Alonso,Renault,1:21.688,3
2003,Hungary,2,4, Schumacher,Williams BMW,1:21.944,3
2003,Hungary,3,14, Webber,Jaguar Cosworth,1:22.027,3
2003,Hungary,4,3, Montoya,Williams BMW,1:22.180,3
2003,Hungary,5,2, Barrichello,Ferrari,1:22.180,3
2003,Hungary,6,7, Trulli,Renault,1:22.610,3
2003,Hungary,7,6, Räikkönen,McLaren Mercedes,1:22.742,3
2003,Hungary,8,1, Schumacher,Ferrari,1:22.755,3
2003,Hungary,9,5, Coulthard,McLaren Mercedes,1:23.060,3
2003,Hungary,10,20, Panis,Toyota,1:23.369,3
2003,Hungary,11,9, Heidfeld,Sauber Petronas,1:23.621,3
2003,Hungary,12,15, Wilson,Jaguar Cosworth,1:23.660,3
2003,Hungary,13,11, Fisichella,Jordan Ford,1:23.726,3
2003,Hungary,14,17, Button,BAR Honda,1:23.847,3
2003,Hungary,15,21, da Matta,Toyota,1:23.982,3
2003,Hungary,16,16, Villeneuve,BAR Honda,1:24.100,3
2003,Hungary,17,10, Frentzen,Sauber Petronas,1:24.569,3
2003,Hungary,18,19, Verstappen,Minardi Cosworth,1:26.423,3
2003,Hungary,19,12, Baumgartner,Jordan Ford,1:26.678,3
2003,Hungary,20,18, Kiesa,Minardi Cosworth,1:28.907,3
2003,Italy,1,1, Schumacher,Ferrari,1:20.963,3
2003,Italy,2,3, Montoya,Williams BMW,1:21.014,3
2003,Italy,3,2, Barrichello,Ferrari,1:21.242,3
2003,Italy,4,6, Räikkönen,McLaren Mercedes,1:21.466,3
2003,Italy,5,4, Gene,Williams BMW,1:21.834,3
2003,Italy,6,7, Trulli,Renault,1:21.944,3
2003,Italy,7,17, Button,BAR Honda,1:22.301,3
2003,Italy,8,5, Coulthard,McLaren Mercedes,1:22.471,3
2003,Italy,9,20, Panis,Toyota,1:22.488,3
2003,Italy,10,16, Villeneuve,BAR Honda,1:22.717,3
2003,Italy,11,14, Webber,Jaguar Cosworth,1:22.754,3
2003,Italy,12,21, da Matta,Toyota,1:22.914,3
2003,Italy,13,11, Fisichella,Jordan Ford,1:22.992,3
2003,Italy,14,10, Frentzen,Sauber Petronas,1:23.216,3
2003,Italy,15,15, Wilson,Jaguar Cosworth,1:23.484,3
2003,Italy,16,9, Heidfeld,Sauber Petronas,1:23.803,3
2003,Italy,17,19, Verstappen,Minardi Cosworth,1:25.078,3
2003,Italy,18,12, Baumgartner,Jordan Ford,1:25.881,3
2003,Italy,19,18, Kiesa,Minardi Cosworth,1:26.778,3
2003,Italy,20,8, Alonso,Renault,1:40.405,3
2003,United States,1,6, Räikkönen,McLaren Mercedes,1:11.670,3
2003,United States,2,2, Barrichello,Ferrari,1:11.794,3
2003,United States,3,20, Panis,Toyota,1:11.920,3
2003,United States,4,3, Montoya,Williams BMW,1:11.948,3
2003,United States,5,4, Schumacher,Williams BMW,1:12.078,3
2003,United States,6,8, Alonso,Renault,1:12.087,3
2003,United States,7,1, Schumacher,Ferrari,1:12.194,3
2003,United States,8,5, Coulthard,McLaren Mercedes,1:12.297,3
2003,United States,9,21, da Matta,Toyota,1:12.326,3
2003,United States,10,7, Trulli,Renault,1:12.566,3
2003,United States,11,17, Button,BAR Honda,1:12.695,3
2003,United States,12,16, Villeneuve,BAR Honda,1:13.050,3
2003,United States,13,9, Heidfeld,Sauber Petronas,1:13.083,3
2003,United States,14,14, Webber,Jaguar Cosworth,1:13.269,3
2003,United States,15,10, Frentzen,Sauber Petronas,1:13.447,3
2003,United States,16,15, Wilson,Jaguar Cosworth,1:13.585,3
2003,United States,17,11, Fisichella,Jordan Ford,1:13.798,3
2003,United States,18,12, Firman,Jordan Ford,1:14.027,3
2003,United States,19,19, Verstappen,Minardi Cosworth,1:15.360,3
2003,United States,20,18, Kiesa,Minardi Cosworth,1:15.644,3
2003,Japan,1,2, Barrichello,Ferrari,1:31.713,3
2003,Japan,2,3, Montoya,Williams BMW,1:32.412,3
2003,Japan,3,21, da Matta,Toyota,1:32.419,3
2003,Japan,4,20, Panis,Toyota,1:32.862,3
2003,Japan,5,8, Alonso,Renault,1:33.044,3
2003,Japan,6,14, Webber,Jaguar Cosworth,1:33.106,3
2003,Japan,7,5, Coulthard,McLaren Mercedes,1:33.137,3
2003,Japan,8,6, Räikkönen,McLaren Mercedes,1:33.272,3
2003,Japan,9,17, Button,BAR Honda,1:33.474,3
2003,Japan,10,15, Wilson,Jaguar Cosworth,1:33.558,3
2003,Japan,11,9, Heidfeld,Sauber Petronas,1:33.632,3
2003,Japan,12,10, Frentzen,Sauber Petronas,1:33.896,3
2003,Japan,13,16, Sato,BAR Honda,1:33.924,3
2003,Japan,14,1, Schumacher,Ferrari,1:34.302,3
2003,Japan,15,12, Firman,Jordan Ford,1:34.771,3
2003,Japan,16,11, Fisichella,Jordan Ford,1:34.912,3
2003,Japan,17,19, Verstappen,Minardi Cosworth,1:34.975,3
2003,Japan,18,18, Kiesa,Minardi Cosworth,1:37.226,3
2003,Japan,19,4, Schumacher,Williams BMW,,2
2003,Japan,20,7, Trulli,Renault,,1
1995,Brazil,1,1, Schumacher,Benetton Renault,1:20.382,12
1995,Brazil,2,6, Coulthard,Williams Renault,1:20.422,11
1995,Brazil,3,5, Hill,Williams Renault,1:20.429,12
1995,Brazil,4,2, Herbert,Benetton Renault,1:20.888,12
1995,Brazil,5,28, Berger,Ferrari,1:20.906,7
1995,Brazil,6,27, Alesi,Ferrari,1:21.041,12
1995,Brazil,7,8, Hakkinen,McLaren Mercedes,1:21.399,12
1995,Brazil,8,15, Irvine,Jordan Peugeot,1:21.749,10
1995,Brazil,9,7, Blundell,McLaren Mercedes,1:21.779,10
1995,Brazil,10,26, Panis,Ligier Mugen Honda,1:21.914,12
1995,Brazil,11,3, Katayama,Tyrrell Yamaha,1:22.325,10
1995,Brazil,12,4, Salo,Tyrrell Yamaha,1:22.416,12
1995,Brazil,13,9, Morbidelli,Footwork Hart,1:22.468,10
1995,Brazil,14,30, Frentzen,Sauber Ford,1:22.872,10
1995,Brazil,15,25, Suzuki,Ligier Mugen Honda,1:22.971,11
1995,Brazil,16,14, Barrichello,Jordan Peugeot,1:22.975,5
1995,Brazil,17,23, Martini,Minardi Ford,1:24.383,11
1995,Brazil,18,16, Gachot,Pacific Ilmor,1:25.127,11
1995,Brazil,19,29, Wendlinger,Sauber Ford,1:25.161,11
1995,Brazil,20,24, Badoer,Minardi Ford,1:25.205,4
1995,Brazil,21,10, Inoue,Footwork Hart,1:25.225,12
1995,Brazil,22,17, Montermini,Pacific Ilmor,1:25.886,12
1995,Brazil,23,22, Moreno,Forti Ford,1:26.269,12
1995,Brazil,24,12, Verstappen,Simtek Ford,1:26.323,6
1995,Brazil,25,21, Diniz,Forti Ford,1:27.792,7
1995,Brazil,26,11, Schiattarella,Simtek Ford,1:28.106,2
1995,Argentina,1,6, Coulthard,Williams Renault,1:53.241,6
1995,Argentina,2,5, Hill,Williams Renault,1:54.057,8
1995,Argentina,3,1, Schumacher,Benetton Renault,1:54.272,7
1995,Argentina,4,15, Irvine,Jordan Peugeot,1:54.381,7
1995,Argentina,5,8, Hakkinen,McLaren Mercedes,1:54.529,8
1995,Argentina,6,27, Alesi,Ferrari,1:54.637,10
1995,Argentina,7,4, Salo,Tyrrell Yamaha,1:54.757,11
1995,Argentina,8,28, Berger,Ferrari,1:55.276,6
1995,Argentina,9,14, Barrichello,Jordan Peugeot,1:56.114,8
1995,Argentina,10,30, Frentzen,Sauber Ford,1:56.168,7
1995,Argentina,11,9, Morbidelli,Footwork Hart,1:57.092,5
1995,Argentina,12,12, Verstappen,Simtek Ford,1:57.231,8
1995,Argentina,13,2, Herbert,Benetton Renault,1:57.341,7
1995,Argentina,14,3, Katayama,Tyrrell Yamaha,1:57.484,11
1995,Argentina,15,24, Badoer,Minardi Ford,1:57.657,5
1995,Argentina,16,7, Blundell,McLaren Mercedes,1:58.767,7
1995,Argentina,17,26, Panis,Ligier Mugen Honda,1:58.824,6
1995,Argentina,18,25, Suzuki,Ligier Mugen Honda,1:58.882,5
1995,Argentina,19,11, Schiattarella,Simtek Ford,1:59.539,10
1995,Argentina,20,29, Wendlinger,Sauber Ford,2:00.751,7
1995,Argentina,21,23, Martini,Minardi Ford,2:01.059,3
1995,Argentina,22,16, Gachot,Pacific Ilmor,2:09.359,7
1995,Argentina,23,22, Moreno,Forti Ford,2:15.398,4
1995,Argentina,24,17, Montermini,Pacific Ilmor,43:31.316,1
1995,San Marino,1,1, Schumacher,Benetton Renault,1:27.413,8
1995,San Marino,2,5, Hill,Williams Renault,1:27.512,12
1995,San Marino,3,6, Coulthard,Williams Renault,1:27.600,10
1995,San Marino,4,27, Alesi,Ferrari,1:28.431,11
1995,San Marino,5,2, Herbert,Benetton Renault,1:29.350,10
1995,San Marino,6,14, Barrichello,Jordan Peugeot,1:29.551,11
1995,San Marino,7,7, Mansell,McLaren Mercedes,1:29.966,10
1995,San Marino,8,26, Panis,Ligier Mugen Honda,1:30.760,12
1995,San Marino,9,4, Salo,Tyrrell Yamaha,1:31.035,12
1995,San Marino,10,9, Morbidelli,Footwork Hart,1:31.147,5
1995,San Marino,11,30, Frentzen,Sauber Ford,1:31.423,12
1995,San Marino,12,3, Katayama,Tyrrell Yamaha,1:31.736,12
1995,San Marino,13,25, Suzuki,Ligier Mugen Honda,1:31.913,12
1995,San Marino,14,12, Verstappen,Simtek Ford,1:32.425,11
1995,San Marino,15,10, Inoue,Footwork Hart,1:32.710,12
1995,San Marino,16,24, Badoer,Minardi Ford,1:33.430,12
1995,San Marino,17,29, Wendlinger,Sauber Ford,1:33.554,12
1995,San Marino,18,23, Martini,Minardi Ford,1:33.832,12
1995,San Marino,19,11, Schiattarella,Simtek Ford,1:34.064,11
1995,San Marino,20,16, Gachot,Pacific Ilmor,1:35.253,7
1995,San Marino,21,17, Montermini,Pacific Ilmor,1:35.282,9
1995,San Marino,22,22, Moreno,Forti Ford,1:36.065,12
1995,San Marino,23,21, Diniz,Forti Ford,1:36.624,12
1995,San Marino,24,28, Berger,Ferrari,1:38.801,3
1995,San Marino,25,15, Irvine,Jordan Peugeot,1:41.247,3
1995,Spain,1,1, Schumacher,Benetton Renault,1:21.452,11
1995,Spain,2,27, Alesi,Ferrari,1:22.052,9
1995,Spain,3,28, Berger,Ferrari,1:22.071,8
1995,Spain,4,6, Coulthard,Williams Renault,1:22.332,11
1995,Spain,5,5, Hill,Williams Renault,1:22.349,12
1995,Spain,6,15, Irvine,Jordan Peugeot,1:23.352,11
1995,Spain,7,2, Herbert,Benetton Renault,1:23.536,12
1995,Spain,8,14, Barrichello,Jordan Peugeot,1:23.705,12
1995,Spain,9,8, Hakkinen,McLaren Mercedes,1:23.833,10
1995,Spain,10,7, Mansell,McLaren Mercedes,1:23.927,12
1995,Spain,11,25, Brundle,Ligier Mugen Honda,1:24.727,11
1995,Spain,12,30, Frentzen,Sauber Ford,1:24.802,11
1995,Spain,13,4, Salo,Tyrrell Yamaha,1:24.971,12
1995,Spain,14,9, Morbidelli,Footwork Hart,1:25.053,12
1995,Spain,15,26, Panis,Ligier Mugen Honda,1:25.204,11
1995,Spain,16,12, Verstappen,Simtek Ford,1:25.827,11
1995,Spain,17,3, Katayama,Tyrrell Yamaha,1:25.946,9
1995,Spain,18,10, Inoue,Footwork Hart,1:26.059,12
1995,Spain,19,23, Martini,Minardi Ford,1:26.619,9
1995,Spain,20,29, Wendlinger,Sauber Ford,1:27.007,12
1995,Spain,21,24, Badoer,Minardi Ford,1:27.345,12
1995,Spain,22,11, Schiattarella,Simtek Ford,1:27.575,12
1995,Spain,23,17, Montermini,Pacific Ilmor,1:28.094,12
1995,Spain,24,16, Gachot,Pacific Ilmor,1:28.598,12
1995,Spain,25,22, Moreno,Forti Ford,1:28.963,12
1995,Spain,26,21, Diniz,Forti Ford,1:29.540,12
1995,Monaco,1,5, Hill,Williams Renault,1:21.952,11
1995,Monaco,2,1, Schumacher,Benetton Renault,1:22.742,12
1995,Monaco,3,6, Coulthard,Williams Renault,1:23.109,12
1995,Monaco,4,28, Berger,Ferrari,1:23.220,9
1995,Monaco,5,8, Hakkinen,McLaren Mercedes,1:23.857,11
1995,Monaco,6,2, Herbert,Benetton Renault,1:23.885,12
1995,Monaco,7,27, Alesi,Ferrari,1:24.023,4
1995,Monaco,8,25, Brundle,Ligier Mugen Honda,1:24.447,12
1995,Monaco,9,15, Irvine,Jordan Peugeot,1:24.857,10
1995,Monaco,10,7, Blundell,McLaren Mercedes,1:24.933,12
1995,Monaco,11,14, Barrichello,Jordan Peugeot,1:25.081,12
1995,Monaco,12,26, Panis,Ligier Mugen Honda,1:25.125,12
1995,Monaco,13,9, Morbidelli,Footwork Hart,1:25.447,12
1995,Monaco,14,3, Katayama,Tyrrell Yamaha,1:25.808,12
1995,Monaco,15,24, Badoer,Minardi Ford,1:25.969,12
1995,Monaco,16,4, Salo,Tyrrell Yamaha,1:26.473,12
1995,Monaco,17,23, Martini,Minardi Ford,1:26.913,12
1995,Monaco,18,29, Boullion,Sauber Ford,1:27.145,10
1995,Monaco,19,11, Schiattarella,Simtek Ford,1:28.337,12
1995,Monaco,20,16, Gachot,Pacific Ilmor,1:29.039,12
1995,Monaco,21,21, Diniz,Forti Ford,1:29.244,11
1995,Monaco,22,22, Moreno,Forti Ford,1:29.608,7
1995,Monaco,23,12, Verstappen,Simtek Ford,1:30.015,4
1995,Canada,1,1, Schumacher,Benetton Renault,1:27.708,10
1995,Canada,2,6, Coulthard,Williams Renault,1:28.091,12
1995,Canada,3,28, Berger,Ferrari,1:28.189,12
1995,Canada,4,27, Alesi,Ferrari,1:28.474,12
1995,Canada,5,2, Herbert,Benetton Renault,1:28.498,12
1995,Canada,6,5, Hill,Williams Renault,1:28.552,11
1995,Canada,7,8, Hakkinen,McLaren Mercedes,1:28.910,12
1995,Canada,8,14, Barrichello,Jordan Peugeot,1:29.171,12
1995,Canada,9,15, Irvine,Jordan Peugeot,1:29.259,9
1995,Canada,10,7, Blundell,McLaren Mercedes,1:29.641,12
1995,Canada,11,30, Frentzen,Sauber Ford,1:30.017,11
1995,Canada,12,9, Morbidelli,Footwork Hart,1:30.159,12
1995,Canada,13,25, Brundle,Ligier Mugen Honda,1:30.255,11
1995,Canada,14,26, Panis,Ligier Mugen Honda,1:30.345,11
1995,Canada,15,4, Salo,Tyrrell Yamaha,1:30.695,11
1995,Canada,16,3, Katayama,Tyrrell Yamaha,1:31.382,12
1995,Canada,17,23, Martini,Minardi Ford,1:31.445,11
1995,Canada,18,29, Boullion,Sauber Ford,1:31.838,12
1995,Canada,19,24, Badoer,Minardi Ford,1:31.853,11
1995,Canada,20,16, Gachot,Pacific Ilmor,1:32.841,12
1995,Canada,21,17, Montermini,Pacific Ilmor,1:32.894,12
1995,Canada,22,21, Diniz,Forti Ford,1:34.982,12
1995,Canada,23,22, Moreno,Forti Ford,1:35.559,3
1995,France,1,5, Hill,Williams Renault,1:17.225,11
1995,France,2,1, Schumacher,Benetton Renault,1:17.512,12
1995,France,3,6, Coulthard,Williams Renault,1:17.925,10
1995,France,4,27, Alesi,Ferrari,1:18.761,10
1995,France,5,14, Barrichello,Jordan Peugeot,1:18.810,10
1995,France,6,26, Panis,Ligier Mugen Honda,1:19.047,11
1995,France,7,8, Hakkinen,McLaren Mercedes,1:19.238,12
1995,France,8,28, Berger,Ferrari,1:19.295,11
1995,France,9,25, Brundle,Ligier Mugen Honda,1:19.524,6
1995,France,10,15, Irvine,Jordan Peugeot,1:19.845,11
1995,France,11,2, Herbert,Benetton Renault,1:20.000,12
1995,France,12,30, Frentzen,Sauber Ford,1:20.309,12
1995,France,13,7, Blundell,McLaren Mercedes,1:20.527,12
1995,France,14,4, Salo,Tyrrell Yamaha,1:20.796,10
1995,France,15,29, Boullion,Sauber Ford,1:20.943,12
1995,France,16,9, Morbidelli,Footwork Hart,1:21.076,12
1995,France,17,24, Badoer,Minardi Ford,1:21.323,12
1995,France,18,10, Inoue,Footwork Hart,1:21.894,12
1995,France,19,3, Katayama,Tyrrell Yamaha,1:21.930,12
1995,France,20,23, Martini,Minardi Ford,1:22.104,12
1995,France,21,17, Montermini,Pacific Ilmor,1:23.466,11
1995,France,22,16, Gachot,Pacific Ilmor,1:23.647,12
1995,France,23,21, Diniz,Forti Ford,1:24.184,10
1995,France,24,22, Moreno,Forti Ford,1:24.865,12
1995,Great Britain,1,6, Coulthard,Williams Renault,1:48.012,8
1995,Great Britain,2,1, Schumacher,Benetton Renault,1:48.204,8
1995,Great Britain,3,27, Alesi,Ferrari,1:48.205,9
1995,Great Britain,4,4, Salo,Tyrrell Yamaha,1:48.639,9
1995,Great Britain,5,5, Hill,Williams Renault,1:48.800,8
1995,Great Britain,6,14, Barrichello,Jordan Peugeot,1:49.152,6
1995,Great Britain,7,25, Brundle,Ligier Mugen Honda,1:49.414,6
1995,Great Britain,8,24, Badoer,Minardi Ford,1:50.959,7
1995,Great Britain,9,15, Irvine,Jordan Peugeot,1:51.045,4
1995,Great Britain,10,30, Frentzen,Sauber Ford,1:51.059,6
1995,Great Britain,11,29, Boullion,Sauber Ford,1:51.086,9
1995,Great Britain,12,26, Panis,Ligier Mugen Honda,1:51.657,4
1995,Great Britain,13,28, Berger,Ferrari,1:51.818,6
1995,Great Britain,14,3, Katayama,Tyrrell Yamaha,1:52.054,6
1995,Great Britain,15,17, Montermini,Pacific Ilmor,1:52.398,3
1995,Great Britain,16,9, Papis,Footwork Hart,1:53.097,7
1995,Great Britain,17,2, Herbert,Benetton Renault,1:55.011,4
1995,Great Britain,18,22, Moreno,Forti Ford,1:56.374,11
1995,Great Britain,19,23, Martini,Minardi Ford,2:13.471,2
1995,Great Britain,20,21, Diniz,Forti Ford,5:51.829,2
1995,Great Britain,21,7, Blundell,McLaren Mercedes,56:10.060,1
1995,Germany,1,5, Hill,Williams Renault,1:44.385,10
1995,Germany,2,1, Schumacher,Benetton Renault,1:44.465,11
1995,Germany,3,6, Coulthard,Williams Renault,1:44.540,11
1995,Germany,4,28, Berger,Ferrari,1:45.553,11
1995,Germany,5,14, Barrichello,Jordan Peugeot,1:45.765,12
1995,Germany,6,15, Irvine,Jordan Peugeot,1:45.846,12
1995,Germany,7,8, Hakkinen,McLaren Mercedes,1:45.849,12
1995,Germany,8,7, Blundell,McLaren Mercedes,1:46.221,11
1995,Germany,9,2, Herbert,Benetton Renault,1:46.315,9
1995,Germany,10,27, Alesi,Ferrari,1:46.475,11
1995,Germany,11,30, Frentzen,Sauber Ford,1:46.801,10
1995,Germany,12,4, Salo,Tyrrell Yamaha,1:47.507,12
1995,Germany,13,26, Panis,Ligier Mugen Honda,1:47.528,11
1995,Germany,14,29, Boullion,Sauber Ford,1:47.636,11
1995,Germany,15,9, Papis,Footwork Hart,1:48.093,12
1995,Germany,16,24, Badoer,Minardi Ford,1:49.302,11
1995,Germany,17,3, Katayama,Tyrrell Yamaha,1:49.402,12
1995,Germany,18,25, Suzuki,Ligier Mugen Honda,1:49.716,12
1995,Germany,19,10, Inoue,Footwork Hart,1:49.892,12
1995,Germany,20,23, Martini,Minardi Ford,1:49.990,12
1995,Germany,21,21, Diniz,Forti Ford,1:52.961,12
1995,Germany,22,22, Moreno,Forti Ford,1:53.405,12
1995,Germany,23,16, Lavaggi,Pacific Ilmor,1:56.335,7
1995,Hungary,1,5, Hill,Williams Renault,1:16.982,11
1995,Hungary,2,6, Coulthard,Williams Renault,1:17.366,10
1995,Hungary,3,1, Schumacher,Benetton Renault,1:17.558,12
1995,Hungary,4,28, Berger,Ferrari,1:18.059,8
1995,Hungary,5,8, Hakkinen,McLaren Mercedes,1:18.363,9
1995,Hungary,6,27, Alesi,Ferrari,1:18.968,5
1995,Hungary,7,25, Brundle,Ligier Mugen Honda,1:19.748,9
1995,Hungary,8,2, Herbert,Benetton Renault,1:20.072,12
1995,Hungary,9,26, Panis,Ligier Mugen Honda,1:20.160,10
1995,Hungary,10,30, Frentzen,Sauber Ford,1:20.413,5
1995,Hungary,11,24, Badoer,Minardi Ford,1:20.543,12
1995,Hungary,12,7, Blundell,McLaren Mercedes,1:20.640,2
1995,Hungary,13,14, Barrichello,Jordan Peugeot,1:20.902,3
1995,Hungary,14,23, Lamy,Minardi Ford,1:21.156,12
1995,Hungary,15,4, Salo,Tyrrell Yamaha,1:21.624,12
1995,Hungary,16,3, Katayama,Tyrrell Yamaha,1:21.702,10
1995,Hungary,17,10, Inoue,Footwork Hart,1:22.081,11
1995,Hungary,18,29, Boullion,Sauber Ford,1:22.161,2
1995,Hungary,19,22, Moreno,Forti Ford,1:24.351,12
1995,Hungary,20,17, Montermini,Pacific Ilmor,1:24.371,12
1995,Hungary,21,21, Diniz,Forti Ford,1:24.695,12
1995,Hungary,22,16, Lavaggi,Pacific Ilmor,1:26.570,11
1995,Belgium,1,28, Berger,Ferrari,1:54.392,4
1995,Belgium,2,27, Alesi,Ferrari,1:54.631,2
1995,Belgium,3,8, Hakkinen,McLaren Mercedes,1:55.435,7
1995,Belgium,4,2, Herbert,Benetton Renault,1:56.085,8
1995,Belgium,5,6, Coulthard,Williams Renault,1:56.254,9
1995,Belgium,6,7, Blundell,McLaren Mercedes,1:56.622,11
1995,Belgium,7,15, Irvine,Jordan Peugeot,1:57.001,6
1995,Belgium,8,5, Hill,Williams Renault,1:57.768,8
1995,Belgium,9,26, Panis,Ligier Mugen Honda,1:58.021,9
1995,Belgium,10,30, Frentzen,Sauber Ford,1:58.148,9
1995,Belgium,11,4, Salo,Tyrrell Yamaha,1:58.224,5
1995,Belgium,12,14, Barrichello,Jordan Peugeot,1:58.293,6
1995,Belgium,13,25, Brundle,Ligier Mugen Honda,1:58.314,8
1995,Belgium,14,29, Boullion,Sauber Ford,1:58.356,6
1995,Belgium,15,3, Katayama,Tyrrell Yamaha,1:58.551,7
1995,Belgium,16,1, Schumacher,Benetton Renault,1:59.079,6
1995,Belgium,17,23, Lamy,Minardi Ford,1:59.256,6
1995,Belgium,18,10, Inoue,Footwork Hart,2:00.990,6
1995,Belgium,19,24, Badoer,Minardi Ford,2:01.013,2
1995,Belgium,20,9, Papis,Footwork Hart,2:01.685,7
1995,Belgium,21,17, Montermini,Pacific Ilmor,2:02.405,7
1995,Belgium,22,22, Moreno,Forti Ford,2:03.817,10
1995,Belgium,23,16, Lavaggi,Pacific Ilmor,2:06.407,6
1995,Belgium,24,21, Diniz,Forti Ford,2:09.537,8
1995,Italy,1,6, Coulthard,Williams Renault,1:24.462,12
1995,Italy,2,1, Schumacher,Benetton Renault,1:25.026,11
1995,Italy,3,28, Berger,Ferrari,1:25.353,7
1995,Italy,4,5, Hill,Williams Renault,1:25.699,11
1995,Italy,5,27, Alesi,Ferrari,1:25.707,11
1995,Italy,6,14, Barrichello,Jordan Peugeot,1:25.919,12
1995,Italy,7,8, Hakkinen,McLaren Mercedes,1:25.920,12
1995,Italy,8,2, Herbert,Benetton Renault,1:26.433,12
1995,Italy,9,7, Blundell,McLaren Mercedes,1:26.472,12
1995,Italy,10,30, Frentzen,Sauber Ford,1:26.541,12
1995,Italy,11,25, Brundle,Ligier Mugen Honda,1:27.067,12
1995,Italy,12,15, Irvine,Jordan Peugeot,1:27.271,11
1995,Italy,13,26, Panis,Ligier Mugen Honda,1:27.384,8
1995,Italy,14,29, Boullion,Sauber Ford,1:28.741,12
1995,Italy,15,9, Papis,Footwork Hart,1:28.870,10
1995,Italy,16,4, Salo,Tyrrell Yamaha,1:29.028,12
1995,Italy,17,3, Katayama,Tyrrell Yamaha,1:29.287,11
1995,Italy,18,24, Badoer,Minardi Ford,1:29.559,8
1995,Italy,19,10, Inoue,Footwork Hart,1:30.515,9
1995,Italy,20,17, Montermini,Pacific Ilmor,1:30.721,12
1995,Italy,21,22, Moreno,Forti Ford,1:30.834,11
1995,Italy,22,23, Lamy,Minardi Ford,1:31.402,3
1995,Italy,23,21, Diniz,Forti Ford,1:32.102,12
1995,Italy,24,16, Lavaggi,Pacific Ilmor,1:32.470,12
1995,Portugal,1,6, Coulthard,Williams Renault,1:20.537,9
1995,Portugal,2,5, Hill,Williams Renault,1:20.905,11
1995,Portugal,3,1, Schumacher,Benetton Renault,1:21.301,11
1995,Portugal,4,28, Berger,Ferrari,1:21.970,8
1995,Portugal,5,30, Frentzen,Sauber Ford,1:22.226,9
1995,Portugal,6,2, Herbert,Benetton Renault,1:22.322,12
1995,Portugal,7,27, Alesi,Ferrari,1:22.391,9
1995,Portugal,8,14, Barrichello,Jordan Peugeot,1:22.538,9
1995,Portugal,9,25, Brundle,Ligier Mugen Honda,1:22.588,12
1995,Portugal,10,15, Irvine,Jordan Peugeot,1:22.831,12
1995,Portugal,11,26, Panis,Ligier Mugen Honda,1:22.904,11
1995,Portugal,12,7, Blundell,McLaren Mercedes,1:22.914,9
1995,Portugal,13,8, Hakkinen,McLaren Mercedes,1:23.114,9
1995,Portugal,14,29, Boullion,Sauber Ford,1:23.934,11
1995,Portugal,15,4, Salo,Tyrrell Yamaha,1:23.936,12
1995,Portugal,16,3, Katayama,Tyrrell Yamaha,1:24.287,10
1995,Portugal,17,23, Lamy,Minardi Ford,1:24.657,7
1995,Portugal,18,24, Badoer,Minardi Ford,1:24.778,9
1995,Portugal,19,10, Inoue,Footwork Hart,1:25.031,10
1995,Portugal,20,9, Papis,Footwork Hart,1:25.179,12
1995,Portugal,21,17, Montermini,Pacific Ilmor,1:26.172,11
1995,Portugal,22,21, Diniz,Forti Ford,1:27.292,12
1995,Portugal,23,22, Moreno,Forti Ford,1:27.523,9
1995,Portugal,24,16, Deletraz,Pacific Ilmor,1:32.769,5
1995,Europe,1,1, Schumacher,Benetton Renault,1:19.150,8
1995,Europe,2,5, Hill,Williams Renault,1:19.607,10
1995,Europe,3,6, Coulthard,Williams Renault,1:19.913,7
1995,Europe,4,27, Alesi,Ferrari,1:20.510,10
1995,Europe,5,30, Frentzen,Sauber Ford,1:20.749,10
1995,Europe,6,8, Hakkinen,McLaren Mercedes,1:20.968,11
1995,Europe,7,28, Berger,Ferrari,1:21.083,9
1995,Europe,8,14, Barrichello,Jordan Peugeot,1:21.211,11
1995,Europe,9,2, Herbert,Benetton Renault,1:21.236,8
1995,Europe,10,15, Irvine,Jordan Peugeot,1:21.426,10
1995,Europe,11,7, Blundell,McLaren Mercedes,1:21.583,10
1995,Europe,12,25, Brundle,Ligier Mugen Honda,1:22.062,8
1995,Europe,13,26, Panis,Ligier Mugen Honda,1:22.565,9
1995,Europe,14,4, Salo,Tyrrell Yamaha,1:23.079,8
1995,Europe,15,23, Lamy,Minardi Ford,1:24.087,6
1995,Europe,16,9, Papis,Footwork Hart,1:24.134,11
1995,Europe,17,3, Tarquini,Tyrrell Yamaha,1:24.352,11
1995,Europe,18,10, Inoue,Footwork Hart,1:24.900,9
1995,Europe,19,21, Diniz,Forti Ford,1:25.157,8
1995,Europe,20,22, Moreno,Forti Ford,1:26.098,8
1995,Europe,21,17, Montermini,Pacific Ilmor,1:26.102,4
1995,Europe,22,24, Badoer,Minardi Ford,1:26.406,3
1995,Europe,23,16, Deletraz,Pacific Ilmor,1:29.677,6
1995,Europe,24,29, Boullion,Sauber Ford,1:34.210,4
1995,Pacific,1,6, Coulthard,Williams Renault,1:14.013,6
1995,Pacific,2,5, Hill,Williams Renault,1:14.213,6
1995,Pacific,3,1, Schumacher,Benetton Renault,1:14.284,12
1995,Pacific,4,28, Berger,Ferrari,1:15.125,8
1995,Pacific,5,27, Alesi,Ferrari,1:15.131,6
1995,Pacific,6,15, Irvine,Jordan Peugeot,1:15.354,12
1995,Pacific,7,2, Herbert,Benetton Renault,1:15.556,12
1995,Pacific,8,30, Frentzen,Sauber Ford,1:15.561,6
1995,Pacific,9,26, Panis,Ligier Mugen Honda,1:15.621,12
1995,Pacific,10,14, Barrichello,Jordan Peugeot,1:15.774,12
1995,Pacific,11,7, Blundell,McLaren Mercedes,1:16.166,12
1995,Pacific,12,8, Magnussen,McLaren Mercedes,1:16.368,8
1995,Pacific,13,25, Suzuki,Ligier Mugen Honda,1:16.519,9
1995,Pacific,14,23, Lamy,Minardi Ford,1:16.596,10
1995,Pacific,15,24, Badoer,Minardi Ford,1:16.887,12
1995,Pacific,16,3, Katayama,Tyrrell Yamaha,1:17.014,12
1995,Pacific,17,4, Salo,Tyrrell Yamaha,1:17.235,12
1995,Pacific,18,9, Morbidelli,Footwork Hart,1:18.114,12
1995,Pacific,19,10, Inoue,Footwork Hart,1:18.212,12
1995,Pacific,20,21, Diniz,Forti Ford,1:19.579,12
1995,Pacific,21,22, Moreno,Forti Ford,1:19.779,12
1995,Pacific,22,17, Montermini,Pacific Ilmor,1:20.093,7
1995,Pacific,23,16, Gachot,Pacific Ilmor,1:21.405,10
1995,Pacific,24,29, Boullion,Sauber Ford,1:23.791,2
1995,Japan,1,1, Schumacher,Benetton Renault,1:38.023,8
1995,Japan,2,27, Alesi,Ferrari,1:38.888,5
1995,Japan,3,8, Hakkinen,McLaren Mercedes,1:38.954,7
1995,Japan,4,28, Berger,Ferrari,1:39.040,11
1995,Japan,5,5, Hill,Williams Renault,1:39.158,8
1995,Japan,6,6, Coulthard,Williams Renault,1:39.368,10
1995,Japan,7,15, Irvine,Jordan Peugeot,1:39.621,6
1995,Japan,8,30, Frentzen,Sauber Ford,1:40.380,7
1995,Japan,9,2, Herbert,Benetton Renault,1:40.391,9
1995,Japan,10,14, Barrichello,Jordan Peugeot,1:40.413,12
1995,Japan,11,26, Panis,Ligier Mugen Honda,1:41.081,9
1995,Japan,12,25, Suzuki,Ligier Mugen Honda,1:41.592,9
1995,Japan,13,4, Salo,Tyrrell Yamaha,1:41.637,10
1995,Japan,14,9, Morbidelli,Footwork Hart,1:42.059,9
1995,Japan,15,3, Katayama,Tyrrell Yamaha,1:42.273,10
1995,Japan,16,29, Wendlinger,Sauber Ford,1:42.912,9
1995,Japan,17,23, Lamy,Minardi Ford,1:43.102,10
1995,Japan,18,24, Badoer,Minardi Ford,1:43.542,9
1995,Japan,19,10, Inoue,Footwork Hart,1:44.074,10
1995,Japan,20,17, Montermini,Pacific Ilmor,1:46.097,7
1995,Japan,21,21, Diniz,Forti Ford,1:47.166,3
1995,Japan,22,22, Moreno,Forti Ford,1:48.267,5
1995,Japan,23,16, Gachot,Pacific Ilmor,1:48.289,7
1995,Australia,1,6, Coulthard,Williams Renault,1:15.792,11
1995,Australia,2,1, Schumacher,Benetton Renault,1:15.839,12
1995,Australia,3,5, Hill,Williams Renault,1:15.988,12
1995,Australia,4,27, Alesi,Ferrari,1:16.305,12
1995,Australia,5,30, Frentzen,Sauber Ford,1:16.647,9
1995,Australia,6,2, Herbert,Benetton Renault,1:16.950,12
1995,Australia,7,14, Barrichello,Jordan Peugeot,1:16.971,12
1995,Australia,8,28, Berger,Ferrari,1:16.994,5
1995,Australia,9,15, Irvine,Jordan Peugeot,1:17.116,12
1995,Australia,10,25, Brundle,Ligier Mugen Honda,1:17.624,11
1995,Australia,11,7, Blundell,McLaren Mercedes,1:17.721,11
1995,Australia,12,26, Panis,Ligier Mugen Honda,1:18.065,10
1995,Australia,13,9, Morbidelli,Footwork Hart,1:18.391,12
1995,Australia,14,24, Badoer,Minardi Ford,1:18.810,12
1995,Australia,15,4, Salo,Tyrrell Yamaha,1:19.083,12
1995,Australia,16,3, Katayama,Tyrrell Yamaha,1:19.114,11
1995,Australia,17,23, Lamy,Minardi Ford,1:19.484,12
1995,Australia,18,10, Inoue,Footwork Hart,1:19.677,7
1995,Australia,19,22, Moreno,Forti Ford,1:20.657,12
1995,Australia,20,21, Diniz,Forti Ford,1:20.878,11
1995,Australia,21,17, Montermini,Pacific Ilmor,1:21.870,6
1995,Australia,22,16, Gachot,Pacific Ilmor,1:21.998,6
1994,Pacific,1,0, Hill,Williams Renault,1:12.048,5
1994,Pacific,2,28, Berger,Ferrari,1:12.184,11
1994,Pacific,3,9, Fittipaldi,Footwork Ford,1:12.444,11
1994,Pacific,4,6, Verstappen,Benetton Ford,1:12.681,11
1994,Pacific,5,4, Blundell,Tyrrell Yamaha,1:12.751,10
1994,Pacific,6,30, Frentzen,Sauber Mercedes,1:12.797,12
1994,Pacific,7,24, Alboreto,Minardi Ford,1:13.016,9
1994,Pacific,8,10, Morbidelli,Footwork Ford,1:13.090,11
1994,Pacific,9,14, Barrichello,Jordan Hart,1:13.172,2
1994,Pacific,10,3, Katayama,Tyrrell Yamaha,1:13.411,11
1994,Pacific,11,20, Comas,Larrousse Ford,1:13.550,10
1994,Pacific,12,23, Martini,Minardi Ford,1:13.756,11
1994,Pacific,13,15, Suzuki,Jordan Hart,1:13.932,11
1994,Pacific,14,29, Wendlinger,Sauber Mercedes,1:14.163,10
1994,Pacific,15,25, Bernard,Ligier Renault,1:14.204,7
1994,Pacific,16,19, Beretta,Larrousse Ford,1:14.271,9
1994,Pacific,17,12, Herbert,Lotus Mugen Honda,1:14.424,9
1994,Pacific,18,26, Panis,Ligier Renault,1:14.667,7
1994,Pacific,19,31, Brabham,Simtek Ford,1:14.748,11
1994,Pacific,20,11, Lamy,Lotus Mugen Honda,1:15.146,9
1994,Pacific,21,32, Ratzenberger,Simtek Ford,1:16.356,7
1994,Pacific,22,33, Belmondo,Pacific Ilmor,1:17.450,7
1994,Pacific,23,34, Gachot,Pacific Ilmor,1:18.571,5
1994,Pacific,24,2, Senna,Williams Renault,1:19.304,4
1994,Pacific,25,27, Larini,Ferrari,5:32.428,2
1994,San Marino,1,5, Schumacher,Benetton Ford,1:21.885,3
1994,San Marino,2,0, Hill,Williams Renault,1:22.168,5
1994,San Marino,3,28, Berger,Ferrari,1:22.226,11
1994,San Marino,4,27, Larini,Ferrari,1:23.006,10
1994,San Marino,5,7, Hakkinen,McLaren Peugeot,1:23.140,11
1994,San Marino,6,3, Katayama,Tyrrell Yamaha,1:23.322,11
1994,San Marino,7,29, Wendlinger,Sauber Mercedes,1:23.347,3
1994,San Marino,8,4, Blundell,Tyrrell Yamaha,1:23.831,11
1994,San Marino,9,8, Brundle,McLaren Peugeot,1:23.858,11
1994,San Marino,10,6, Jarvilehto,Benetton Ford,1:24.029,3
1994,San Marino,11,23, Martini,Minardi Ford,1:24.423,11
1994,San Marino,12,9, Fittipaldi,Footwork Ford,1:24.472,11
1994,San Marino,13,10, Morbidelli,Footwork Ford,1:24.682,10
1994,San Marino,14,24, Alboreto,Minardi Ford,1:24.780,11
1994,San Marino,15,20, Comas,Larrousse Ford,1:24.852,11
1994,San Marino,16,12, Herbert,Lotus Mugen Honda,1:25.141,12
1994,San Marino,17,26, Panis,Ligier Renault,1:25.160,5
1994,San Marino,18,11, Lamy,Lotus Mugen Honda,1:25.295,11
1994,San Marino,19,15, de Cesaris,Jordan Hart,1:25.872,10
1994,San Marino,20,19, Beretta,Larrousse Ford,1:25.991,9
1994,San Marino,21,31, Brabham,Simtek Ford,1:26.817,5
1994,San Marino,22,34, Gachot,Pacific Ilmor,1:27.143,10
1994,San Marino,23,32, Ratzenberger,Simtek Ford,1:27.584,5
1994,San Marino,24,33, Belmondo,Pacific Ilmor,1:27.881,12
1994,San Marino,25,25, Bernard,Ligier Renault,1:40.411,4
1994,Monaco,1,5, Schumacher,Benetton Ford,1:18.560,9
1994,Monaco,2,7, Hakkinen,McLaren Peugeot,1:19.488,11
1994,Monaco,3,28, Berger,Ferrari,1:19.958,9
1994,Monaco,4,0, Hill,Williams Renault,1:20.079,11
1994,Monaco,5,27, Alesi,Ferrari,1:20.452,11
1994,Monaco,6,9, Fittipaldi,Footwork Ford,1:21.053,11
1994,Monaco,7,10, Morbidelli,Footwork Ford,1:21.189,10
1994,Monaco,8,8, Brundle,McLaren Peugeot,1:21.222,10
1994,Monaco,9,23, Martini,Minardi Ford,1:21.288,10
1994,Monaco,10,4, Blundell,Tyrrell Yamaha,1:21.614,11
1994,Monaco,11,3, Katayama,Tyrrell Yamaha,1:21.731,11
1994,Monaco,12,24, Alboreto,Minardi Ford,1:21.793,11
1994,Monaco,13,20, Comas,Larrousse Ford,1:22.211,11
1994,Monaco,14,15, de Cesaris,Jordan Hart,1:22.265,11
1994,Monaco,15,14, Barrichello,Jordan Hart,1:22.359,11
1994,Monaco,16,12, Herbert,Lotus Mugen Honda,1:22.375,11
1994,Monaco,17,6, Jarvilehto,Benetton Ford,1:22.679,11
1994,Monaco,18,19, Beretta,Larrousse Ford,1:23.025,11
1994,Monaco,19,11, Lamy,Lotus Mugen Honda,1:23.858,11
1994,Monaco,20,26, Panis,Ligier Renault,1:24.131,6
1994,Monaco,21,25, Bernard,Ligier Renault,1:24.377,9
1994,Monaco,22,31, Brabham,Simtek Ford,1:24.656,10
1994,Monaco,23,34, Gachot,Pacific Ilmor,1:26.082,6
1994,Monaco,24,33, Belmondo,Pacific Ilmor,8:36.897,1
1994,Spain,1,5, Schumacher,Benetton Ford,1:21.908,11
1994,Spain,2,0, Hill,Williams Renault,1:22.559,12
1994,Spain,3,7, Hakkinen,McLaren Peugeot,1:22.660,10
1994,Spain,4,6, Jarvilehto,Benetton Ford,1:22.983,11
1994,Spain,5,14, Barrichello,Jordan Hart,1:23.594,12
1994,Spain,6,27, Alesi,Ferrari,1:23.700,12
1994,Spain,7,28, Berger,Ferrari,1:23.715,12
1994,Spain,8,8, Brundle,McLaren Peugeot,1:23.763,12
1994,Spain,9,2, Coulthard,Williams Renault,1:23.782,12
1994,Spain,10,3, Katayama,Tyrrell Yamaha,1:23.969,12
1994,Spain,11,4, Blundell,Tyrrell Yamaha,1:23.981,10
1994,Spain,12,30, Frentzen,Sauber Mercedes,1:24.254,9
1994,Spain,13,15, Irvine,Jordan Hart,1:24.930,11
1994,Spain,14,24, Alboreto,Minardi Ford,1:24.996,11
1994,Spain,15,10, Morbidelli,Footwork Ford,1:25.018,12
1994,Spain,16,20, Comas,Larrousse Ford,1:25.050,12
1994,Spain,17,19, Beretta,Larrousse Ford,1:25.161,10
1994,Spain,18,23, Martini,Minardi Ford,1:25.247,4
1994,Spain,19,26, Panis,Ligier Renault,1:25.577,11
1994,Spain,20,25, Bernard,Ligier Renault,1:25.766,12
1994,Spain,21,9, Fittipaldi,Footwork Ford,1:26.084,12
1994,Spain,22,12, Herbert,Lotus Mugen Honda,1:26.397,12
1994,Spain,23,11, Zanardi,Lotus Mugen Honda,1:27.685,11
1994,Spain,24,31, Brabham,Simtek Ford,1:28.151,10
1994,Spain,25,34, Gachot,Pacific Ilmor,1:28.873,10
1994,Spain,26,33, Belmondo,Pacific Ilmor,1:30.657,11
1994,Canada,1,5, Schumacher,Benetton Ford,1:26.178,10
1994,Canada,2,27, Alesi,Ferrari,1:26.319,12
1994,Canada,3,28, Berger,Ferrari,1:27.059,12
1994,Canada,4,0, Hill,Williams Renault,1:27.094,12
1994,Canada,5,2, Coulthard,Williams Renault,1:27.211,12
1994,Canada,6,14, Barrichello,Jordan Hart,1:27.554,12
1994,Canada,7,15, Irvine,Jordan Hart,1:27.780,12
1994,Canada,8,7, Hakkinen,McLaren Peugeot,1:27.851,12
1994,Canada,9,3, Katayama,Tyrrell Yamaha,1:27.953,9
1994,Canada,10,30, Frentzen,Sauber Mercedes,1:27.977,11
1994,Canada,11,10, Morbidelli,Footwork Ford,1:27.989,12
1994,Canada,12,8, Brundle,McLaren Peugeot,1:28.197,12
1994,Canada,13,4, Blundell,Tyrrell Yamaha,1:28.579,12
1994,Canada,14,29, de Cesaris,Sauber Mercedes,1:28.694,12
1994,Canada,15,23, Martini,Minardi Ford,1:28.847,12
1994,Canada,16,9, Fittipaldi,Footwork Ford,1:28.882,12
1994,Canada,17,12, Herbert,Lotus Mugen Honda,1:28.889,11
1994,Canada,18,24, Alboreto,Minardi Ford,1:28.903,12
1994,Canada,19,26, Panis,Ligier Renault,1:28.950,12
1994,Canada,20,6, Jarvilehto,Benetton Ford,1:28.993,11
1994,Canada,21,20, Comas,Larrousse Ford,1:29.039,11
1994,Canada,22,19, Beretta,Larrousse Ford,1:29.403,12
1994,Canada,23,11, Zanardi,Lotus Mugen Honda,1:30.160,12
1994,Canada,24,25, Bernard,Ligier Renault,1:30.493,10
1994,Canada,25,31, Brabham,Simtek Ford,1:31.632,9
1994,Canada,26,34, Gachot,Pacific Ilmor,1:32.877,11
1994,Canada,27,33, Belmondo,Pacific Ilmor,1:33.006,11
1994,France,1,0, Hill,Williams Renault,1:16.282,12
1994,France,2,2, Mansell,Williams Renault,1:16.359,10
1994,France,3,5, Schumacher,Benetton Ford,1:16.707,12
1994,France,4,27, Alesi,Ferrari,1:16.954,11
1994,France,5,28, Berger,Ferrari,1:16.959,11
1994,France,6,15, Irvine,Jordan Hart,1:17.441,11
1994,France,7,14, Barrichello,Jordan Hart,1:17.482,12
1994,France,8,6, Verstappen,Benetton Ford,1:17.645,7
1994,France,9,7, Hakkinen,McLaren Peugeot,1:17.768,10
1994,France,10,30, Frentzen,Sauber Mercedes,1:17.830,11
1994,France,11,29, de Cesaris,Sauber Mercedes,1:17.866,12
1994,France,12,8, Brundle,McLaren Peugeot,1:18.031,12
1994,France,13,26, Panis,Ligier Renault,1:18.044,12
1994,France,14,3, Katayama,Tyrrell Yamaha,1:18.192,12
1994,France,15,25, Bernard,Ligier Renault,1:18.236,11
1994,France,16,23, Martini,Minardi Ford,1:18.248,10
1994,France,17,4, Blundell,Tyrrell Yamaha,1:18.381,12
1994,France,18,9, Fittipaldi,Footwork Ford,1:18.568,12
1994,France,19,12, Herbert,Lotus Mugen Honda,1:18.715,12
1994,France,20,20, Comas,Larrousse Ford,1:18.811,12
1994,France,21,24, Alboreto,Minardi Ford,1:18.890,12
1994,France,22,10, Morbidelli,Footwork Ford,1:18.936,12
1994,France,23,11, Zanardi,Lotus Mugen Honda,1:19.066,12
1994,France,24,31, Brabham,Simtek Ford,1:19.771,11
1994,France,25,19, Beretta,Larrousse Ford,1:19.863,9
1994,France,26,32, Gounon,Simtek Ford,1:21.829,11
1994,France,27,34, Gachot,Pacific Ilmor,1:21.952,12
1994,France,28,33, Belmondo,Pacific Ilmor,1:23.004,10
1994,Great Britain,1,0, Hill,Williams Renault,1:24.960,12
1994,Great Britain,2,5, Schumacher,Benetton Ford,1:24.963,11
1994,Great Britain,3,28, Berger,Ferrari,1:24.980,8
1994,Great Britain,4,27, Alesi,Ferrari,1:25.541,10
1994,Great Britain,5,7, Hakkinen,McLaren Peugeot,1:26.268,12
1994,Great Britain,6,14, Barrichello,Jordan Hart,1:26.271,11
1994,Great Britain,7,2, Coulthard,Williams Renault,1:26.337,12
1994,Great Britain,8,3, Katayama,Tyrrell Yamaha,1:26.414,12
1994,Great Britain,9,8, Brundle,McLaren Peugeot,1:26.768,12
1994,Great Britain,10,6, Verstappen,Benetton Ford,1:26.841,10
1994,Great Britain,11,4, Blundell,Tyrrell Yamaha,1:26.920,12
1994,Great Britain,12,15, Irvine,Jordan Hart,1:27.065,12
1994,Great Britain,13,23, Martini,Minardi Ford,1:27.522,12
1994,Great Britain,14,26, Panis,Ligier Renault,1:27.785,9
1994,Great Britain,15,10, Morbidelli,Footwork Ford,1:27.886,12
1994,Great Britain,16,24, Alboreto,Minardi Ford,1:28.100,12
1994,Great Britain,17,29, de Cesaris,Sauber Mercedes,1:28.212,11
1994,Great Britain,18,11, Zanardi,Lotus Mugen Honda,1:28.225,12
1994,Great Britain,19,9, Fittipaldi,Footwork Ford,1:28.231,12
1994,Great Britain,20,30, Frentzen,Sauber Mercedes,1:28.231,9
1994,Great Britain,21,12, Herbert,Lotus Mugen Honda,1:28.340,12
1994,Great Britain,22,20, Comas,Larrousse Ford,1:28.519,12
1994,Great Britain,23,25, Bernard,Ligier Renault,1:28.955,12
1994,Great Britain,24,19, Beretta,Larrousse Ford,1:29.299,9
1994,Great Britain,25,31, Brabham,Simtek Ford,1:30.690,8
1994,Great Britain,26,32, Gounon,Simtek Ford,1:30.722,12
1994,Great Britain,27,34, Gachot,Pacific Ilmor,1:31.877,3
1994,Great Britain,28,33, Belmondo,Pacific Ilmor,1:32.507,9
1994,Germany,1,28, Berger,Ferrari,1:43.582,9
1994,Germany,2,27, Alesi,Ferrari,1:44.012,11
1994,Germany,3,0, Hill,Williams Renault,1:44.131,12
1994,Germany,4,5, Schumacher,Benetton Ford,1:44.268,11
1994,Germany,5,3, Katayama,Tyrrell Yamaha,1:44.718,12
1994,Germany,6,2, Coulthard,Williams Renault,1:45.146,11
1994,Germany,7,4, Blundell,Tyrrell Yamaha,1:45.474,10
1994,Germany,8,7, Hakkinen,McLaren Peugeot,1:45.878,7
1994,Germany,9,30, Frentzen,Sauber Mercedes,1:45.893,8
1994,Germany,10,14, Barrichello,Jordan Hart,1:45.939,11
1994,Germany,11,15, Irvine,Jordan Hart,1:45.942,12
1994,Germany,12,26, Panis,Ligier Renault,1:46.165,11
1994,Germany,13,8, Brundle,McLaren Peugeot,1:46.218,10
1994,Germany,14,25, Bernard,Ligier Renault,1:46.290,11
1994,Germany,15,12, Herbert,Lotus Mugen Honda,1:46.630,11
1994,Germany,16,10, Morbidelli,Footwork Ford,1:46.817,10
1994,Germany,17,9, Fittipaldi,Footwork Ford,1:47.102,10
1994,Germany,18,29, de Cesaris,Sauber Mercedes,1:47.235,12
1994,Germany,19,6, Verstappen,Benetton Ford,1:47.316,10
1994,Germany,20,23, Martini,Minardi Ford,1:47.402,10
1994,Germany,21,11, Zanardi,Lotus Mugen Honda,1:47.425,12
1994,Germany,22,20, Comas,Larrousse Ford,1:48.229,12
1994,Germany,23,24, Alboreto,Minardi Ford,1:48.295,12
1994,Germany,24,31, Brabham,Simtek Ford,1:48.870,10
1994,Germany,25,19, Beretta,Larrousse Ford,1:48.875,12
1994,Germany,26,32, Gounon,Simtek Ford,1:49.204,7
1994,Germany,27,33, Belmondo,Pacific Ilmor,1:51.122,12
1994,Germany,28,34, Gachot,Pacific Ilmor,1:51.292,12
1994,Hungary,1,5, Schumacher,Benetton Ford,1:18.258,9
1994,Hungary,2,0, Hill,Williams Renault,1:18.824,12
1994,Hungary,3,2, Coulthard,Williams Renault,1:20.205,5
1994,Hungary,4,28, Berger,Ferrari,1:20.219,10
1994,Hungary,5,3, Katayama,Tyrrell Yamaha,1:20.232,11
1994,Hungary,6,8, Brundle,McLaren Peugeot,1:20.629,10
1994,Hungary,7,15, Irvine,Jordan Hart,1:20.698,12
1994,Hungary,8,30, Frentzen,Sauber Mercedes,1:20.858,12
1994,Hungary,9,26, Panis,Ligier Renault,1:20.929,11
1994,Hungary,10,14, Barrichello,Jordan Hart,1:20.952,12
1994,Hungary,11,4, Blundell,Tyrrell Yamaha,1:20.984,12
1994,Hungary,12,27, Alesi,Ferrari,1:21.206,11
1994,Hungary,13,7, Alliot,McLaren Peugeot,1:21.498,12
1994,Hungary,14,23, Martini,Minardi Ford,1:21.837,12
1994,Hungary,15,9, Fittipaldi,Footwork Ford,1:21.873,12
1994,Hungary,16,29, de Cesaris,Sauber Mercedes,1:21.946,12
1994,Hungary,17,25, Bernard,Ligier Renault,1:22.038,10
1994,Hungary,18,24, Alboreto,Minardi Ford,1:22.379,11
1994,Hungary,19,20, Comas,Larrousse Ford,1:22.487,12
1994,Hungary,20,11, Zanardi,Lotus Mugen Honda,1:22.513,11
1994,Hungary,21,31, Brabham,Simtek Ford,1:22.614,12
1994,Hungary,22,12, Herbert,Lotus Mugen Honda,1:22.705,12
1994,Hungary,23,19, Beretta,Larrousse Ford,1:22.899,12
1994,Hungary,24,32, Gounon,Simtek Ford,1:24.191,10
1994,Hungary,25,34, Gachot,Pacific Ilmor,1:24.908,12
1994,Hungary,26,33, Belmondo,Pacific Ilmor,1:26.275,11
1994,Hungary,27,10, Morbidelli,Footwork Ford,1:30.262,3
1994,Hungary,28,6, Verstappen,Benetton Ford,9:03.939,2
1994,Belgium,1,27, Alesi,Ferrari,2:25.099,9
1994,Belgium,2,5, Schumacher,Benetton Ford,2:25.501,5
1994,Belgium,3,0, Hill,Williams Renault,2:25.570,9
1994,Belgium,4,2, Coulthard,Williams Renault,2:27.180,9
1994,Belgium,5,30, Frentzen,Sauber Mercedes,2:28.026,9
1994,Belgium,6,4, Blundell,Tyrrell Yamaha,2:28.164,5
1994,Belgium,7,8, Brundle,McLaren Peugeot,2:28.428,4
1994,Belgium,8,6, Verstappen,Benetton Ford,2:28.576,3
1994,Belgium,9,7, Hakkinen,McLaren Peugeot,2:28.997,7
1994,Belgium,10,28, Berger,Ferrari,2:29.391,7
1994,Belgium,11,3, Katayama,Tyrrell Yamaha,2:29.925,8
1994,Belgium,12,29, de Cesaris,Sauber Mercedes,2:30.475,7
1994,Belgium,13,20, Comas,Larrousse Ford,2:30.524,8
1994,Belgium,14,23, Martini,Minardi Ford,2:30.896,5
1994,Belgium,15,9, Fittipaldi,Footwork Ford,2:30.931,11
1994,Belgium,16,25, Bernard,Ligier Renault,2:31.025,6
1994,Belgium,17,19, Alliot,Larrousse Ford,2:31.350,7
1994,Belgium,18,10, Morbidelli,Footwork Ford,2:31.403,7
1994,Belgium,19,26, Panis,Ligier Renault,2:31.501,5
1994,Belgium,20,24, Alboreto,Minardi Ford,2:32.286,3
1994,Belgium,21,12, Herbert,Lotus Mugen Honda,2:32.610,4
1994,Belgium,22,11, Adams,Lotus Mugen Honda,2:34.733,9
1994,Belgium,23,34, Gachot,Pacific Ilmor,2:34.951,8
1994,Belgium,24,32, Gounon,Simtek Ford,2:40.280,2
1994,Belgium,25,31, Brabham,Simtek Ford,2:41.593,3
1994,Italy,1,27, Alesi,Ferrari,1:23.844,8
1994,Italy,2,28, Berger,Ferrari,1:23.978,12
1994,Italy,3,0, Hill,Williams Renault,1:24.158,12
1994,Italy,4,12, Herbert,Lotus Mugen Honda,1:24.374,11
1994,Italy,5,2, Coulthard,Williams Renault,1:24.502,9
1994,Italy,6,26, Panis,Ligier Renault,1:25.455,11
1994,Italy,7,7, Hakkinen,McLaren Peugeot,1:25.528,12
1994,Italy,8,29, de Cesaris,Sauber Mercedes,1:25.540,11
1994,Italy,9,15, Irvine,Jordan Hart,1:25.568,12
1994,Italy,10,6, Verstappen,Benetton Ford,1:25.618,6
1994,Italy,11,30, Frentzen,Sauber Mercedes,1:25.628,10
1994,Italy,12,25, Bernard,Ligier Renault,1:25.718,11
1994,Italy,13,11, Zanardi,Lotus Mugen Honda,1:25.733,11
1994,Italy,14,3, Katayama,Tyrrell Yamaha,1:25.889,12
1994,Italy,15,8, Brundle,McLaren Peugeot,1:25.933,12
1994,Italy,16,14, Barrichello,Jordan Hart,1:25.946,12
1994,Italy,17,10, Morbidelli,Footwork Ford,1:26.002,12
1994,Italy,18,23, Martini,Minardi Ford,1:26.056,12
1994,Italy,19,9, Fittipaldi,Footwork Ford,1:26.337,12
1994,Italy,20,5, Jarvilehto,Benetton Ford,1:26.384,12
1994,Italy,21,4, Blundell,Tyrrell Yamaha,1:26.697,6
1994,Italy,22,24, Alboreto,Minardi Ford,1:26.832,5
1994,Italy,23,19, Dalmas,Larrousse Ford,1:27.846,10
1994,Italy,24,20, Comas,Larrousse Ford,1:27.894,11
1994,Italy,25,32, Gounon,Simtek Ford,1:28.353,11
1994,Italy,26,31, Brabham,Simtek Ford,1:28.619,8
1994,Italy,27,34, Gachot,Pacific Ilmor,1:31.387,6
1994,Portugal,1,0, Hill,Williams Renault,1:20.766,12
1994,Portugal,2,2, Coulthard,Williams Renault,1:21.033,11
1994,Portugal,3,7, Hakkinen,McLaren Peugeot,1:21.700,6
1994,Portugal,4,14, Barrichello,Jordan Hart,1:21.796,12
1994,Portugal,5,28, Berger,Ferrari,1:21.863,10
1994,Portugal,6,30, Frentzen,Sauber Mercedes,1:21.921,10
1994,Portugal,7,6, Verstappen,Benetton Ford,1:22.000,12
1994,Portugal,8,8, Brundle,McLaren Peugeot,1:22.035,10
1994,Portugal,9,27, Alesi,Ferrari,1:22.086,5
1994,Portugal,10,9, Fittipaldi,Footwork Ford,1:22.132,11
1994,Portugal,11,15, Irvine,Jordan Hart,1:22.294,11
1994,Portugal,12,5, Jarvilehto,Benetton Ford,1:22.369,11
1994,Portugal,13,26, Panis,Ligier Renault,1:22.672,12
1994,Portugal,14,10, Morbidelli,Footwork Ford,1:22.756,11
1994,Portugal,15,29, de Cesaris,Sauber Mercedes,1:22.888,12
1994,Portugal,16,4, Blundell,Tyrrell Yamaha,1:22.971,12
1994,Portugal,17,12, Herbert,Lotus Mugen Honda,1:23.408,12
1994,Portugal,18,23, Martini,Minardi Ford,1:23.464,12
1994,Portugal,19,25, Bernard,Ligier Renault,1:23.699,11
1994,Portugal,20,24, Alboreto,Minardi Ford,1:24.186,11
1994,Portugal,21,20, Comas,Larrousse Ford,1:24.306,11
1994,Portugal,22,31, Brabham,Simtek Ford,1:24.514,10
1994,Portugal,23,19, Dalmas,Larrousse Ford,1:24.920,8
1994,Portugal,24,32, Gounon,Simtek Ford,1:25.649,10
1994,Portugal,25,11, Adams,Lotus Mugen Honda,1:25.708,11
1994,Portugal,26,34, Gachot,Pacific Ilmor,1:27.385,6
1994,Portugal,27,33, Belmondo,Pacific Ilmor,1:29.000,11
1994,Portugal,28,3, Katayama,Tyrrell Yamaha,4:03.441,3
1994,Europe,1,5, Schumacher,Benetton Ford,1:22.762,7
1994,Europe,2,0, Hill,Williams Renault,1:22.892,11
1994,Europe,3,2, Mansell,Williams Renault,1:23.392,12
1994,Europe,4,30, Frentzen,Sauber Mercedes,1:23.431,10
1994,Europe,5,14, Barrichello,Jordan Hart,1:23.455,10
1994,Europe,6,28, Berger,Ferrari,1:23.677,12
1994,Europe,7,25, Herbert,Ligier Renault,1:24.040,11
1994,Europe,8,10, Morbidelli,Footwork Ford,1:24.079,12
1994,Europe,9,7, Hakkinen,McLaren Peugeot,1:24.122,12
1994,Europe,10,15, Irvine,Jordan Hart,1:24.157,12
1994,Europe,11,26, Panis,Ligier Renault,1:24.432,10
1994,Europe,12,6, Verstappen,Benetton Ford,1:24.643,11
1994,Europe,13,3, Katayama,Tyrrell Yamaha,1:24.738,12
1994,Europe,14,4, Blundell,Tyrrell Yamaha,1:24.770,3
1994,Europe,15,8, Brundle,McLaren Peugeot,1:25.110,12
1994,Europe,16,23, Martini,Minardi Ford,1:25.294,12
1994,Europe,17,29, de Cesaris,Sauber Mercedes,1:25.411,3
1994,Europe,18,9, Fittipaldi,Footwork Ford,1:25.427,12
1994,Europe,19,24, Alboreto,Minardi Ford,1:25.511,12
1994,Europe,20,12, Zanardi,Lotus Mugen Honda,1:25.557,11
1994,Europe,21,11, Bernard,Lotus Mugen Honda,1:25.595,11
1994,Europe,22,31, Brabham,Simtek Ford,1:26.065,12
1994,Europe,23,20, Comas,Larrousse Ford,1:26.272,11
1994,Europe,24,19, Noda,Larrousse Ford,1:27.168,12
1994,Europe,25,32, Schiattarella,Simtek Ford,1:27.976,10
1994,Europe,26,34, Gachot,Pacific Ilmor,1:29.488,9
1994,Europe,27,33, Belmondo,Pacific Ilmor,1:30.234,12
1994,Europe,28,27, Alesi,Ferrari,1:44.801,2
1994,Japan,1,8, Brundle,McLaren Peugeot,1:56.876,12
1994,Japan,2,30, Frentzen,Sauber Mercedes,1:56.935,10
1994,Japan,3,5, Schumacher,Benetton Ford,1:57.128,10
1994,Japan,4,0, Hill,Williams Renault,1:57.278,11
1994,Japan,5,15, Irvine,Jordan Hart,1:57.760,5
1994,Japan,6,7, Hakkinen,McLaren Peugeot,1:58.204,12
1994,Japan,7,27, Alesi,Ferrari,1:58.610,10
1994,Japan,8,28, Berger,Ferrari,1:58.926,12
1994,Japan,9,6, Herbert,Benetton Ford,1:59.729,7
1994,Japan,10,29, Jarvilehto,Sauber Mercedes,1:59.943,4
1994,Japan,11,9, Fittipaldi,Footwork Ford,2:00.084,11
1994,Japan,12,26, Panis,Ligier Renault,2:00.575,12
1994,Japan,13,2, Mansell,Williams Renault,2:00.963,7
1994,Japan,14,20, Comas,Larrousse Ford,2:01.035,12
1994,Japan,15,11, Salo,Lotus Mugen Honda,2:01.637,10
1994,Japan,16,14, Barrichello,Jordan Hart,2:01.905,3
1994,Japan,17,23, Martini,Minardi Ford,2:01.929,12
1994,Japan,18,12, Zanardi,Lotus Mugen Honda,2:02.077,9
1994,Japan,19,24, Alboreto,Minardi Ford,2:02.219,12
1994,Japan,20,4, Blundell,Tyrrell Yamaha,2:02.266,7
1994,Japan,21,25, Lagorce,Ligier Renault,2:02.780,12
1994,Japan,22,3, Katayama,Tyrrell Yamaha,2:04.187,4
1994,Japan,23,19, Noda,Larrousse Ford,2:05.354,9
1994,Japan,24,10, Morbidelli,Footwork Ford,2:07.293,5
1994,Japan,25,31, Brabham,Simtek Ford,2:09.453,6
1994,Australia,1,5, Schumacher,Benetton Ford,1:32.627,12
1994,Australia,2,0, Hill,Williams Renault,1:33.792,12
1994,Australia,3,28, Berger,Ferrari,1:33.818,11
1994,Australia,4,27, Alesi,Ferrari,1:33.905,9
1994,Australia,5,2, Mansell,Williams Renault,1:33.988,12
1994,Australia,6,10, Morbidelli,Footwork Ford,1:35.136,12
1994,Australia,7,7, Hakkinen,McLaren Peugeot,1:35.432,10
1994,Australia,8,4, Blundell,Tyrrell Yamaha,1:35.462,12
1994,Australia,9,30, Frentzen,Sauber Mercedes,1:35.623,12
1994,Australia,10,6, Herbert,Benetton Ford,1:35.712,11
1994,Australia,11,9, Fittipaldi,Footwork Ford,1:35.790,12
1994,Australia,12,26, Panis,Ligier Renault,1:36.222,12
1994,Australia,13,29, Jarvilehto,Sauber Mercedes,1:36.245,11
1994,Australia,14,8, Brundle,McLaren Peugeot,1:36.246,12
1994,Australia,15,23, Martini,Minardi Ford,1:36.257,12
1994,Australia,16,24, Alboreto,Minardi Ford,1:36.498,12
1994,Australia,17,3, Katayama,Tyrrell Yamaha,1:36.628,10
1994,Australia,18,25, Lagorce,Ligier Renault,1:37.393,11
1994,Australia,19,14, Barrichello,Jordan Hart,1:37.610,4
1994,Australia,20,12, Zanardi,Lotus Mugen Honda,1:39.179,12
1994,Australia,21,11, Salo,Lotus Mugen Honda,1:43.071,9
1994,Australia,22,20, Deletraz,Larrousse Ford,1:44.155,5
1994,Australia,23,19, Noda,Larrousse Ford,1:47.569,3
1993,South Africa,1,2, Prost,Williams Renault,1:15.696,15
1993,South Africa,2,8, Senna,McLaren Ford,1:15.784,10
1993,South Africa,3,5, Schumacher,Benetton Ford,1:17.261,20
1993,South Africa,4,0, Hill,Williams Renault,1:17.592,14
1993,South Africa,5,27, Alesi,Ferrari,1:18.234,17
1993,South Africa,6,30, Jarvilehto,Sauber,1:18.664,7
1993,South Africa,7,6, Patrese,Benetton Ford,1:18.676,21
1993,South Africa,8,26, Blundell,Ligier Renault,1:18.687,18
1993,South Africa,9,7, Andretti,McLaren Ford,1:18.786,14
1993,South Africa,10,29, Wendlinger,Sauber,1:18.950,15
1993,South Africa,11,19, Alliot,Larrousse Lamborghini,1:19.034,19
1993,South Africa,12,23, Fittipaldi,Minardi Ford,1:19.285,23
1993,South Africa,13,14, Barrichello,Jordan Hart,1:19.305,18
1993,South Africa,14,28, Berger,Ferrari,1:19.386,8
1993,South Africa,15,11, Zanardi,Lotus Ford,1:19.396,16
1993,South Africa,16,25, Brundle,Ligier Renault,1:19.457,15
1993,South Africa,17,12, Herbert,Lotus Ford,1:19.498,19
1993,South Africa,18,15, Capelli,Jordan Hart,1:19.759,16
1993,South Africa,19,20, Comas,Larrousse Lamborghini,1:20.081,20
1993,South Africa,20,10, Suzuki,Footwork Mugen Honda,1:20.237,15
1993,South Africa,21,9, Warwick,Footwork Mugen Honda,1:20.402,14
1993,South Africa,22,3, Katayama,Tyrrell Yamaha,1:20.479,11
1993,South Africa,23,4, de Cesaris,Tyrrell Yamaha,1:20.660,11
1993,South Africa,24,24, Barbazza,Minardi Ford,1:21.195,5
1993,South Africa,25,21, Alboreto,Lola Ferrari,1:21.893,11
1993,Brazil,1,2, Prost,Williams Renault,1:15.866,10
1993,Brazil,2,0, Hill,Williams Renault,1:16.859,9
1993,Brazil,3,8, Senna,McLaren Ford,1:17.697,12
1993,Brazil,4,5, Schumacher,Benetton Ford,1:17.821,10
1993,Brazil,5,7, Andretti,McLaren Ford,1:18.635,10
1993,Brazil,6,6, Patrese,Benetton Ford,1:19.049,11
1993,Brazil,7,30, Jarvilehto,Sauber,1:19.207,12
1993,Brazil,8,29, Wendlinger,Sauber,1:19.270,12
1993,Brazil,9,26, Blundell,Ligier Renault,1:19.296,12
1993,Brazil,10,19, Alliot,Larrousse Lamborghini,1:19.340,10
1993,Brazil,11,12, Herbert,Lotus Ford,1:19.435,12
1993,Brazil,12,27, Alesi,Ferrari,1:19.549,12
1993,Brazil,13,14, Barrichello,Jordan Hart,1:19.593,11
1993,Brazil,14,28, Berger,Ferrari,1:19.735,12
1993,Brazil,15,11, Zanardi,Lotus Ford,1:19.804,12
1993,Brazil,16,25, Brundle,Ligier Renault,1:19.835,12
1993,Brazil,17,20, Comas,Larrousse Lamborghini,1:19.868,12
1993,Brazil,18,9, Warwick,Footwork Mugen Honda,1:20.064,11
1993,Brazil,19,10, Suzuki,Footwork Mugen Honda,1:20.232,11
1993,Brazil,20,23, Fittipaldi,Minardi Ford,1:20.716,12
1993,Brazil,21,22, Badoer,Lola Ferrari,1:20.908,11
1993,Brazil,22,3, Katayama,Tyrrell Yamaha,1:20.991,11
1993,Brazil,23,24, Barbazza,Minardi Ford,1:21.228,12
1993,Brazil,24,4, de Cesaris,Tyrrell Yamaha,1:21.368,12
1993,Brazil,25,21, Alboreto,Lola Ferrari,1:21.488,9
1993,Brazil,26,15, Capelli,Jordan Hart,1:21.789,12
1993,Europe,1,2, Prost,Williams Renault,1:10.458,11
1993,Europe,2,0, Hill,Williams Renault,1:10.762,12
1993,Europe,3,5, Schumacher,Benetton Ford,1:12.008,12
1993,Europe,4,8, Senna,McLaren Ford,1:12.107,12
1993,Europe,5,29, Wendlinger,Sauber,1:12.738,12
1993,Europe,6,7, Andretti,McLaren Ford,1:12.739,12
1993,Europe,7,30, Jarvilehto,Sauber,1:12.763,12
1993,Europe,8,28, Berger,Ferrari,1:12.862,12
1993,Europe,9,27, Alesi,Ferrari,1:12.980,8
1993,Europe,10,6, Patrese,Benetton Ford,1:12.982,11
1993,Europe,11,12, Herbert,Lotus Ford,1:13.328,12
1993,Europe,12,14, Barrichello,Jordan Hart,1:13.514,11
1993,Europe,13,11, Zanardi,Lotus Ford,1:13.560,12
1993,Europe,14,9, Warwick,Footwork Mugen Honda,1:13.664,12
1993,Europe,15,19, Alliot,Larrousse Lamborghini,1:13.665,12
1993,Europe,16,23, Fittipaldi,Minardi Ford,1:13.666,12
1993,Europe,17,20, Comas,Larrousse Lamborghini,1:13.970,12
1993,Europe,18,3, Katayama,Tyrrell Yamaha,1:14.121,10
1993,Europe,19,15, Boutsen,Jordan Hart,1:14.246,12
1993,Europe,20,24, Barbazza,Minardi Ford,1:14.274,11
1993,Europe,21,26, Blundell,Ligier Renault,1:14.301,12
1993,Europe,22,25, Brundle,Ligier Renault,1:14.306,12
1993,Europe,23,10, Suzuki,Footwork Mugen Honda,1:14.927,12
1993,Europe,24,21, Alboreto,Lola Ferrari,1:15.322,11
1993,Europe,25,4, de Cesaris,Tyrrell Yamaha,1:15.417,12
1993,Europe,26,22, Badoer,Lola Ferrari,1:15.641,11
1993,San Marino,1,2, Prost,Williams Renault,1:22.070,10
1993,San Marino,2,0, Hill,Williams Renault,1:22.168,12
1993,San Marino,3,5, Schumacher,Benetton Ford,1:23.919,12
1993,San Marino,4,8, Senna,McLaren Ford,1:24.007,9
1993,San Marino,5,29, Wendlinger,Sauber,1:24.720,11
1993,San Marino,6,7, Andretti,McLaren Ford,1:24.793,12
1993,San Marino,7,26, Blundell,Ligier Renault,1:24.804,12
1993,San Marino,8,27, Alesi,Ferrari,1:24.829,12
1993,San Marino,9,25, Brundle,Ligier Renault,1:24.893,12
1993,San Marino,10,6, Patrese,Benetton Ford,1:24.896,12
1993,San Marino,11,12, Herbert,Lotus Ford,1:25.115,12
1993,San Marino,12,28, Berger,Ferrari,1:25.161,8
1993,San Marino,13,14, Barrichello,Jordan Hart,1:25.169,12
1993,San Marino,14,19, Alliot,Larrousse Lamborghini,1:25.629,11
1993,San Marino,15,9, Warwick,Footwork Mugen Honda,1:25.901,12
1993,San Marino,16,20, Comas,Larrousse Lamborghini,1:26.279,12
1993,San Marino,17,30, Jarvilehto,Sauber,1:26.358,9
1993,San Marino,18,4, de Cesaris,Tyrrell Yamaha,1:26.429,10
1993,San Marino,19,15, Boutsen,Jordan Hart,1:26.436,11
1993,San Marino,20,10, Suzuki,Footwork Mugen Honda,1:26.657,5
1993,San Marino,21,3, Katayama,Tyrrell Yamaha,1:26.900,12
1993,San Marino,22,23, Fittipaldi,Minardi Ford,1:27.277,12
1993,San Marino,23,22, Badoer,Lola Ferrari,1:27.388,11
1993,San Marino,24,24, Barbazza,Minardi Ford,1:27.602,11
1993,San Marino,25,21, Alboreto,Lola Ferrari,1:27.771,12
1993,San Marino,26,11, Zanardi,Lotus Ford,1:35.748,3
1993,Spain,1,2, Prost,Williams Renault,1:17.809,12
1993,Spain,2,0, Hill,Williams Renault,1:18.346,12
1993,Spain,3,8, Senna,McLaren Ford,1:19.722,10
1993,Spain,4,5, Schumacher,Benetton Ford,1:20.520,12
1993,Spain,5,6, Patrese,Benetton Ford,1:20.600,12
1993,Spain,6,29, Wendlinger,Sauber,1:21.203,12
1993,Spain,7,7, Andretti,McLaren Ford,1:21.360,12
1993,Spain,8,27, Alesi,Ferrari,1:21.767,12
1993,Spain,9,30, Jarvilehto,Sauber,1:22.047,12
1993,Spain,10,12, Herbert,Lotus Ford,1:22.470,12
1993,Spain,11,28, Berger,Ferrari,1:22.655,11
1993,Spain,12,26, Blundell,Ligier Renault,1:22.708,11
1993,Spain,13,19, Alliot,Larrousse Lamborghini,1:22.887,12
1993,Spain,14,20, Comas,Larrousse Lamborghini,1:22.904,12
1993,Spain,15,11, Zanardi,Lotus Ford,1:23.026,12
1993,Spain,16,9, Warwick,Footwork Mugen Honda,1:23.086,9
1993,Spain,17,14, Barrichello,Jordan Hart,1:23.232,12
1993,Spain,18,25, Brundle,Ligier Renault,1:23.357,12
1993,Spain,19,10, Suzuki,Footwork Mugen Honda,1:23.432,11
1993,Spain,20,23, Fittipaldi,Minardi Ford,1:23.449,12
1993,Spain,21,15, Boutsen,Jordan Hart,1:23.464,12
1993,Spain,22,22, Badoer,Lola Ferrari,1:24.268,11
1993,Spain,23,3, Katayama,Tyrrell Yamaha,1:24.291,11
1993,Spain,24,4, de Cesaris,Tyrrell Yamaha,1:24.358,12
1993,Spain,25,24, Barbazza,Minardi Ford,1:24.399,12
1993,Spain,26,21, Alboreto,Lola Ferrari,1:25.396,12
1993,Monaco,1,2, Prost,Williams Renault,1:20.557,12
1993,Monaco,2,5, Schumacher,Benetton Ford,1:21.190,12
1993,Monaco,3,8, Senna,McLaren Ford,1:21.552,10
1993,Monaco,4,0, Hill,Williams Renault,1:21.825,12
1993,Monaco,5,27, Alesi,Ferrari,1:21.948,12
1993,Monaco,6,6, Patrese,Benetton Ford,1:22.117,12
1993,Monaco,7,28, Berger,Ferrari,1:22.394,12
1993,Monaco,8,29, Wendlinger,Sauber,1:22.477,12
1993,Monaco,9,7, Andretti,McLaren Ford,1:22.994,11
1993,Monaco,10,20, Comas,Larrousse Lamborghini,1:23.246,11
1993,Monaco,11,30, Jarvilehto,Sauber,1:23.715,9
1993,Monaco,12,9, Warwick,Footwork Mugen Honda,1:23.749,7
1993,Monaco,13,25, Brundle,Ligier Renault,1:23.786,12
1993,Monaco,14,12, Herbert,Lotus Ford,1:23.812,12
1993,Monaco,15,19, Alliot,Larrousse Lamborghini,1:23.907,12
1993,Monaco,16,14, Barrichello,Jordan Hart,1:24.086,12
1993,Monaco,17,23, Fittipaldi,Minardi Ford,1:24.298,12
1993,Monaco,18,10, Suzuki,Footwork Mugen Honda,1:24.524,12
1993,Monaco,19,4, de Cesaris,Tyrrell Yamaha,1:24.544,12
1993,Monaco,20,11, Zanardi,Lotus Ford,1:24.888,12
1993,Monaco,21,26, Blundell,Ligier Renault,1:24.972,12
1993,Monaco,22,3, Katayama,Tyrrell Yamaha,1:25.236,10
1993,Monaco,23,15, Boutsen,Jordan Hart,1:25.267,12
1993,Monaco,24,21, Alboreto,Lola Ferrari,1:26.444,12
1993,Monaco,25,24, Barbazza,Minardi Ford,1:26.582,10
1993,Monaco,26,22, Badoer,Lola Ferrari,1:29.613,5
1993,Canada,1,2, Prost,Williams Renault,1:19.135,12
1993,Canada,2,0, Hill,Williams Renault,1:20.145,11
1993,Canada,3,5, Schumacher,Benetton Ford,1:20.945,12
1993,Canada,4,28, Berger,Ferrari,1:21.513,12
1993,Canada,5,27, Alesi,Ferrari,1:21.660,12
1993,Canada,6,29, Wendlinger,Sauber,1:21.813,12
1993,Canada,7,8, Senna,McLaren Ford,1:21.891,11
1993,Canada,8,25, Brundle,Ligier Renault,1:22.026,12
1993,Canada,9,7, Andretti,McLaren Ford,1:22.229,12
1993,Canada,10,30, Jarvilehto,Sauber,1:22.428,12
1993,Canada,11,14, Barrichello,Jordan Hart,1:22.509,12
1993,Canada,12,26, Blundell,Ligier Renault,1:22.622,12
1993,Canada,13,19, Alliot,Larrousse Lamborghini,1:22.819,12
1993,Canada,14,20, Comas,Larrousse Lamborghini,1:22.977,10
1993,Canada,15,10, Suzuki,Footwork Mugen Honda,1:22.999,12
1993,Canada,16,23, Fittipaldi,Minardi Ford,1:23.119,12
1993,Canada,17,9, Warwick,Footwork Mugen Honda,1:23.185,11
1993,Canada,18,4, de Cesaris,Tyrrell Yamaha,1:23.185,12
1993,Canada,19,12, Herbert,Lotus Ford,1:23.223,10
1993,Canada,20,6, Patrese,Benetton Ford,1:23.268,9
1993,Canada,21,3, Katayama,Tyrrell Yamaha,1:23.824,8
1993,Canada,22,15, Boutsen,Jordan Hart,1:23.960,12
1993,Canada,23,22, Badoer,Lola Ferrari,1:24.357,11
1993,Canada,24,24, Barbazza,Minardi Ford,1:24.375,11
1993,Canada,25,21, Alboreto,Lola Ferrari,1:24.391,12
1993,Canada,26,11, Zanardi,Lotus Ford,1:25.027,3
1993,France,1,0, Hill,Williams Renault,1:14.382,12
1993,France,2,2, Prost,Williams Renault,1:14.524,12
1993,France,3,25, Brundle,Ligier Renault,1:16.169,11
1993,France,4,26, Blundell,Ligier Renault,1:16.203,11
1993,France,5,8, Senna,McLaren Ford,1:16.264,12
1993,France,6,27, Alesi,Ferrari,1:16.662,12
1993,France,7,5, Schumacher,Benetton Ford,1:16.745,11
1993,France,8,14, Barrichello,Jordan Hart,1:17.168,12
1993,France,9,20, Comas,Larrousse Lamborghini,1:17.170,12
1993,France,10,19, Alliot,Larrousse Lamborghini,1:17.190,9
1993,France,11,29, Wendlinger,Sauber,1:17.315,11
1993,France,12,6, Patrese,Benetton Ford,1:17.362,12
1993,France,13,28, Berger,Ferrari,1:17.456,12
1993,France,14,10, Suzuki,Footwork Mugen Honda,1:17.518,12
1993,France,15,9, Warwick,Footwork Mugen Honda,1:17.598,12
1993,France,16,7, Andretti,McLaren Ford,1:17.659,12
1993,France,17,11, Zanardi,Lotus Ford,1:17.706,11
1993,France,18,30, Jarvilehto,Sauber,1:17.812,11
1993,France,19,15, Boutsen,Jordan Hart,1:17.997,12
1993,France,20,12, Herbert,Lotus Ford,1:18.104,12
1993,France,21,3, Katayama,Tyrrell Yamaha,1:19.143,11
1993,France,22,22, Badoer,Lola Ferrari,1:19.493,11
1993,France,23,23, Fittipaldi,Minardi Ford,1:19.519,6
1993,France,24,24, Barbazza,Minardi Ford,1:19.691,12
1993,France,25,4, de Cesaris,Tyrrell Yamaha,1:19.856,12
1993,France,26,21, Alboreto,Lola Ferrari,1:20.130,9
1993,Great Britain,1,2, Prost,Williams Renault,1:19.006,11
1993,Great Britain,2,0, Hill,Williams Renault,1:19.134,12
1993,Great Britain,3,5, Schumacher,Benetton Ford,1:20.401,8
1993,Great Britain,4,8, Senna,McLaren Ford,1:21.986,11
1993,Great Britain,5,6, Patrese,Benetton Ford,1:22.364,11
1993,Great Britain,6,25, Brundle,Ligier Renault,1:22.421,12
1993,Great Britain,7,12, Herbert,Lotus Ford,1:22.487,12
1993,Great Britain,8,9, Warwick,Footwork Mugen Honda,1:22.834,12
1993,Great Britain,9,26, Blundell,Ligier Renault,1:22.885,12
1993,Great Britain,10,10, Suzuki,Footwork Mugen Honda,1:23.077,11
1993,Great Britain,11,7, Andretti,McLaren Ford,1:23.114,12
1993,Great Britain,12,27, Alesi,Ferrari,1:23.203,12
1993,Great Britain,13,28, Berger,Ferrari,1:23.257,12
1993,Great Britain,14,11, Zanardi,Lotus Ford,1:23.533,10
1993,Great Britain,15,14, Barrichello,Jordan Hart,1:23.635,12
1993,Great Britain,16,30, Jarvilehto,Sauber,1:24.071,12
1993,Great Britain,17,20, Comas,Larrousse Lamborghini,1:24.139,12
1993,Great Britain,18,29, Wendlinger,Sauber,1:24.525,12
1993,Great Britain,19,23, Fittipaldi,Minardi Ford,1:24.664,12
1993,Great Britain,20,24, Martini,Minardi Ford,1:24.718,12
1993,Great Britain,21,4, de Cesaris,Tyrrell Yamaha,1:25.254,12
1993,Great Britain,22,3, Katayama,Tyrrell Yamaha,1:25.343,12
1993,Great Britain,23,15, Boutsen,Jordan Hart,1:25.363,12
1993,Great Britain,24,19, Alliot,Larrousse Lamborghini,1:25.397,12
1993,Great Britain,25,22, Badoer,Lola Ferrari,1:26.239,12
1993,Great Britain,26,21, Alboreto,Lola Ferrari,1:26.520,12
1993,Germany,1,2, Prost,Williams Renault,1:38.748,9
1993,Germany,2,0, Hill,Williams Renault,1:38.905,12
1993,Germany,3,5, Schumacher,Benetton Ford,1:39.580,12
1993,Germany,4,8, Senna,McLaren Ford,1:39.616,12
1993,Germany,5,26, Blundell,Ligier Renault,1:40.135,12
1993,Germany,6,25, Brundle,Ligier Renault,1:40.855,12
1993,Germany,7,10, Suzuki,Footwork Mugen Honda,1:41.220,12
1993,Germany,8,28, Berger,Ferrari,1:41.242,3
1993,Germany,9,6, Patrese,Benetton Ford,1:41.292,10
1993,Germany,10,9, Warwick,Footwork Mugen Honda,1:41.449,12
1993,Germany,11,29, Wendlinger,Sauber,1:41.642,12
1993,Germany,12,27, Alesi,Ferrari,1:41.726,3
1993,Germany,13,20, Comas,Larrousse Lamborghini,1:41.945,12
1993,Germany,14,14, Barrichello,Jordan Hart,1:42.025,12
1993,Germany,15,30, Jarvilehto,Sauber,1:42.032,11
1993,Germany,16,4, de Cesaris,Tyrrell Yamaha,1:42.203,12
1993,Germany,17,7, Andretti,McLaren Ford,1:42.468,10
1993,Germany,18,3, Katayama,Tyrrell Yamaha,1:42.682,12
1993,Germany,19,19, Alliot,Larrousse Lamborghini,1:42.910,12
1993,Germany,20,12, Herbert,Lotus Ford,1:42.970,4
1993,Germany,21,15, Boutsen,Jordan Hart,1:43.007,12
1993,Germany,22,24, Martini,Minardi Ford,1:43.353,11
1993,Germany,23,11, Zanardi,Lotus Ford,1:43.561,4
1993,Germany,24,23, Fittipaldi,Minardi Ford,1:44.058,6
1993,Germany,25,21, Alboreto,Lola Ferrari,1:44.166,12
1993,Germany,26,22, Badoer,Lola Ferrari,1:44.641,4
1993,Hungary,1,2, Prost,Williams Renault,1:14.631,12
1993,Hungary,2,0, Hill,Williams Renault,1:14.835,12
1993,Hungary,3,5, Schumacher,Benetton Ford,1:15.228,12
1993,Hungary,4,8, Senna,McLaren Ford,1:16.451,7
1993,Hungary,5,6, Patrese,Benetton Ford,1:16.561,12
1993,Hungary,6,28, Berger,Ferrari,1:16.939,10
1993,Hungary,7,24, Martini,Minardi Ford,1:17.366,12
1993,Hungary,8,27, Alesi,Ferrari,1:17.480,12
1993,Hungary,9,9, Warwick,Footwork Mugen Honda,1:17.682,12
1993,Hungary,10,10, Suzuki,Footwork Mugen Honda,1:17.693,12
1993,Hungary,11,7, Andretti,McLaren Ford,1:18.107,10
1993,Hungary,12,26, Blundell,Ligier Renault,1:18.388,3
1993,Hungary,13,25, Brundle,Ligier Renault,1:18.392,11
1993,Hungary,14,23, Fittipaldi,Minardi Ford,1:18.446,12
1993,Hungary,15,30, Jarvilehto,Sauber,1:18.638,11
1993,Hungary,16,14, Barrichello,Jordan Hart,1:18.721,12
1993,Hungary,17,29, Wendlinger,Sauber,1:18.840,12
1993,Hungary,18,20, Comas,Larrousse Lamborghini,1:19.305,10
1993,Hungary,19,19, Alliot,Larrousse Lamborghini,1:19.320,11
1993,Hungary,20,12, Herbert,Lotus Ford,1:19.444,7
1993,Hungary,21,11, Zanardi,Lotus Ford,1:19.485,12
1993,Hungary,22,4, de Cesaris,Tyrrell Yamaha,1:19.560,12
1993,Hungary,23,3, Katayama,Tyrrell Yamaha,1:20.270,11
1993,Hungary,24,15, Boutsen,Jordan Hart,1:20.482,12
1993,Hungary,25,21, Alboreto,Lola Ferrari,1:21.502,12
1993,Hungary,26,22, Badoer,Lola Ferrari,1:22.655,12
1993,Belgium,1,2, Prost,Williams Renault,1:47.571,9
1993,Belgium,2,0, Hill,Williams Renault,1:48.466,10
1993,Belgium,3,5, Schumacher,Benetton Ford,1:49.075,9
1993,Belgium,4,27, Alesi,Ferrari,1:49.825,12
1993,Belgium,5,8, Senna,McLaren Ford,1:49.934,8
1993,Belgium,6,10, Suzuki,Footwork Mugen Honda,1:50.329,12
1993,Belgium,7,9, Warwick,Footwork Mugen Honda,1:50.628,12
1993,Belgium,8,6, Patrese,Benetton Ford,1:51.017,12
1993,Belgium,9,30, Jarvilehto,Sauber,1:51.048,10
1993,Belgium,10,12, Herbert,Lotus Ford,1:51.139,12
1993,Belgium,11,25, Brundle,Ligier Renault,1:51.350,12
1993,Belgium,12,29, Wendlinger,Sauber,1:51.440,12
1993,Belgium,13,14, Barrichello,Jordan Hart,1:51.711,12
1993,Belgium,14,7, Andretti,McLaren Ford,1:51.833,12
1993,Belgium,15,26, Blundell,Ligier Renault,1:51.916,12
1993,Belgium,16,28, Berger,Ferrari,1:52.080,6
1993,Belgium,17,4, de Cesaris,Tyrrell Yamaha,1:52.647,12
1993,Belgium,18,19, Alliot,Larrousse Lamborghini,1:52.907,12
1993,Belgium,19,20, Comas,Larrousse Lamborghini,1:53.186,12
1993,Belgium,20,15, Boutsen,Jordan Hart,1:53.465,11
1993,Belgium,21,24, Martini,Minardi Ford,1:53.526,12
1993,Belgium,22,23, Fittipaldi,Minardi Ford,1:53.942,12
1993,Belgium,23,3, Katayama,Tyrrell Yamaha,1:54.551,11
1993,Belgium,24,22, Badoer,Lola Ferrari,1:54.978,11
1993,Belgium,25,21, Alboreto,Lola Ferrari,1:55.965,11
1993,Italy,1,2, Prost,Williams Renault,1:21.179,12
1993,Italy,2,0, Hill,Williams Renault,1:21.491,12
1993,Italy,3,27, Alesi,Ferrari,1:21.986,12
1993,Italy,4,8, Senna,McLaren Ford,1:22.633,11
1993,Italy,5,5, Schumacher,Benetton Ford,1:22.910,12
1993,Italy,6,28, Berger,Ferrari,1:23.150,12
1993,Italy,7,12, Herbert,Lotus Ford,1:23.769,12
1993,Italy,8,10, Suzuki,Footwork Mugen Honda,1:23.856,12
1993,Italy,9,7, Andretti,McLaren Ford,1:23.899,12
1993,Italy,10,6, Patrese,Benetton Ford,1:23.918,12
1993,Italy,11,9, Warwick,Footwork Mugen Honda,1:24.048,11
1993,Italy,12,25, Brundle,Ligier Renault,1:24.137,12
1993,Italy,13,26, Blundell,Ligier Renault,1:24.344,12
1993,Italy,14,30, Jarvilehto,Sauber,1:24.419,10
1993,Italy,15,29, Wendlinger,Sauber,1:24.473,12
1993,Italy,16,19, Alliot,Larrousse Lamborghini,1:24.807,12
1993,Italy,17,3, Katayama,Tyrrell Yamaha,1:24.886,12
1993,Italy,18,4, de Cesaris,Tyrrell Yamaha,1:24.916,11
1993,Italy,19,14, Barrichello,Jordan Hart,1:25.144,11
1993,Italy,20,20, Comas,Larrousse Lamborghini,1:25.257,11
1993,Italy,21,21, Alboreto,Lola Ferrari,1:25.368,12
1993,Italy,22,24, Martini,Minardi Ford,1:25.478,12
1993,Italy,23,15, Apicella,Jordan Hart,1:25.672,12
1993,Italy,24,23, Fittipaldi,Minardi Ford,1:25.699,12
1993,Italy,25,22, Badoer,Lola Ferrari,1:25.957,11
1993,Italy,26,11, Lamy,Lotus Ford,1:26.324,12
1993,Portugal,1,0, Hill,Williams Renault,1:11.494,12
1993,Portugal,2,7, Hakkinen,McLaren Ford,1:12.443,11
1993,Portugal,3,8, Senna,McLaren Ford,1:12.491,12
1993,Portugal,4,2, Prost,Williams Renault,1:12.762,7
1993,Portugal,5,27, Alesi,Ferrari,1:13.101,12
1993,Portugal,6,6, Patrese,Benetton Ford,1:13.863,8
1993,Portugal,7,28, Berger,Ferrari,1:13.933,12
1993,Portugal,8,5, Schumacher,Benetton Ford,1:14.135,9
1993,Portugal,9,9, Warwick,Footwork Mugen Honda,1:14.388,12
1993,Portugal,10,26, Blundell,Ligier Renault,1:14.577,12
1993,Portugal,11,25, Brundle,Ligier Renault,1:14.708,12
1993,Portugal,12,30, Jarvilehto,Sauber,1:14.833,12
1993,Portugal,13,29, Wendlinger,Sauber,1:15.070,12
1993,Portugal,14,12, Herbert,Lotus Ford,1:15.183,10
1993,Portugal,15,14, Barrichello,Jordan Hart,1:15.433,12
1993,Portugal,16,10, Suzuki,Footwork Mugen Honda,1:15.491,12
1993,Portugal,17,4, de Cesaris,Tyrrell Yamaha,1:15.904,12
1993,Portugal,18,11, Lamy,Lotus Ford,1:15.920,12
1993,Portugal,19,19, Alliot,Larrousse Lamborghini,1:16.144,11
1993,Portugal,20,3, Katayama,Tyrrell Yamaha,1:16.186,12
1993,Portugal,21,24, Martini,Minardi Ford,1:16.323,12
1993,Portugal,22,15, Naspetti,Jordan Hart,1:16.566,12
1993,Portugal,23,23, Fittipaldi,Minardi Ford,1:16.864,12
1993,Portugal,24,20, Comas,Larrousse Lamborghini,1:16.998,12
1993,Portugal,25,21, Alboreto,Lola Ferrari,1:17.118,9
1993,Portugal,26,22, Badoer,Lola Ferrari,1:17.739,12
1993,Japan,1,2, Prost,Williams Renault,1:37.154,12
1993,Japan,2,8, Senna,McLaren Ford,1:37.284,7
1993,Japan,3,7, Hakkinen,McLaren Ford,1:37.326,12
1993,Japan,4,5, Schumacher,Benetton Ford,1:37.530,10
1993,Japan,5,28, Berger,Ferrari,1:37.622,7
1993,Japan,6,0, Hill,Williams Renault,1:38.352,2
1993,Japan,7,9, Warwick,Footwork Mugen Honda,1:38.780,12
1993,Japan,8,15, Irvine,Jordan Hart,1:38.966,11
1993,Japan,9,10, Suzuki,Footwork Mugen Honda,1:39.278,12
1993,Japan,10,6, Patrese,Benetton Ford,1:39.291,9
1993,Japan,11,30, Jarvilehto,Sauber,1:39.391,11
1993,Japan,12,14, Barrichello,Jordan Hart,1:39.426,9
1993,Japan,13,3, Katayama,Tyrrell Yamaha,1:39.511,11
1993,Japan,14,25, Brundle,Ligier Renault,1:39.951,12
1993,Japan,15,29, Wendlinger,Sauber,1:40.153,12
1993,Japan,16,26, Blundell,Ligier Renault,1:40.696,7
1993,Japan,17,4, de Cesaris,Tyrrell Yamaha,1:40.696,6
1993,Japan,18,11, Lamy,Lotus Ford,1:41.600,8
1993,Japan,19,20, Comas,Larrousse Lamborghini,1:41.769,12
1993,Japan,20,24, Martini,Minardi Ford,1:41.989,11
1993,Japan,21,19, Suzuki,Larrousse Lamborghini,1:42.175,4
1993,Japan,22,23, Gounon,Minardi Ford,1:43.812,9
1993,Japan,23,27, Alesi,Ferrari,2:44.132,2
1993,Japan,24,12, Herbert,Lotus Ford,3:41.040,2
1993,Australia,1,0, Hill,Williams Renault,1:13.826,11
1993,Australia,2,5, Schumacher,Benetton Ford,1:14.494,12
1993,Australia,3,2, Prost,Williams Renault,1:14.595,9
1993,Australia,4,7, Hakkinen,McLaren Ford,1:14.596,11
1993,Australia,5,8, Senna,McLaren Ford,1:14.779,12
1993,Australia,6,27, Alesi,Ferrari,1:15.619,12
1993,Australia,7,26, Blundell,Ligier Renault,1:16.469,12
1993,Australia,8,10, Suzuki,Footwork Mugen Honda,1:16.567,9
1993,Australia,9,25, Brundle,Ligier Renault,1:16.710,12
1993,Australia,10,14, Barrichello,Jordan Hart,1:16.723,12
1993,Australia,11,4, de Cesaris,Tyrrell Yamaha,1:16.892,12
1993,Australia,12,9, Warwick,Footwork Mugen Honda,1:16.919,12
1993,Australia,13,30, Jarvilehto,Sauber,1:17.118,12
1993,Australia,14,29, Wendlinger,Sauber,1:17.132,12
1993,Australia,15,15, Irvine,Jordan Hart,1:17.341,12
1993,Australia,16,12, Herbert,Lotus Ford,1:17.450,11
1993,Australia,17,20, Comas,Larrousse Lamborghini,1:17.815,12
1993,Australia,18,24, Martini,Minardi Ford,1:17.816,10
1993,Australia,19,23, Gounon,Minardi Ford,1:18.035,12
1993,Australia,20,3, Katayama,Tyrrell Yamaha,1:18.406,8
1993,Australia,21,11, Lamy,Lotus Ford,1:19.369,3
1993,Australia,22,6, Patrese,Benetton Ford,1:21.076,3
1993,Australia,23,19, Suzuki,Larrousse Lamborghini,1:23.167,4
